Timestamp_ms,RawADC,Voltage_mV
181902.0,1867.0,1694.0
181905.0,1870.0,1696.0
181908.0,1874.0,1700.0
181911.0,1880.0,1705.0
181914.0,1886.0,1710.0
181917.0,1891.0,1714.0
181919.0,1897.0,1719.0
181922.0,1901.0,1722.0
181925.0,1905.0,1726.0
181928.0,1909.0,1729.0
181931.0,1915.0,1734.0
181934.0,1920.0,1738.0
181937.0,1926.0,1743.0
181940.0,1932.0,1748.0
181943.0,1936.0,1751.0
181946.0,1942.0,1756.0
181949.0,1949.0,1762.0
181952.0,1954.0,1766.0
181955.0,1961.0,1772.0
181958.0,1967.0,1777.0
181961.0,1971.0,1780.0
181964.0,1977.0,1785.0
181967.0,1982.0,1790.0
181970.0,1984.0,1791.0
181973.0,1987.0,1794.0
181975.0,1991.0,1797.0
181978.0,1994.0,1800.0
181981.0,1995.0,1800.0
181984.0,1997.0,1802.0
181987.0,1999.0,1804.0
181990.0,1999.0,1804.0
181993.0,1999.0,1804.0
181996.0,1999.0,1804.0
181999.0,2000.0,1805.0
182002.0,2000.0,1805.0
182005.0,2000.0,1805.0
182008.0,2001.0,1805.0
182011.0,2001.0,1805.0
182014.0,2001.0,1805.0
182017.0,2000.0,1805.0
182020.0,1999.0,1804.0
182023.0,1999.0,1804.0
182026.0,1998.0,1803.0
182028.0,1996.0,1801.0
182031.0,1995.0,1800.0
182034.0,1991.0,1797.0
182037.0,1989.0,1795.0
182040.0,1987.0,1794.0
182043.0,1985.0,1792.0
182046.0,1984.0,1791.0
182049.0,1983.0,1790.0
182052.0,1983.0,1790.0
182055.0,1983.0,1790.0
182058.0,1983.0,1790.0
182061.0,1983.0,1790.0
182064.0,1983.0,1790.0
182067.0,1981.0,1789.0
182070.0,1980.0,1788.0
182073.0,1979.0,1787.0
182076.0,1978.0,1786.0
182079.0,1977.0,1785.0
182081.0,1974.0,1783.0
182084.0,1971.0,1780.0
182087.0,1969.0,1779.0
182090.0,1967.0,1777.0
182093.0,1966.0,1776.0
182096.0,1964.0,1775.0
182099.0,1964.0,1775.0
182102.0,1964.0,1775.0
182105.0,1964.0,1775.0
182108.0,1966.0,1776.0
182111.0,1966.0,1776.0
182114.0,1967.0,1777.0
182117.0,1969.0,1779.0
182120.0,1970.0,1780.0
182123.0,1972.0,1781.0
182126.0,1976.0,1785.0
182129.0,1977.0,1785.0
182132.0,1978.0,1786.0
182134.0,1977.0,1785.0
182137.0,1977.0,1785.0
182140.0,1974.0,1783.0
182143.0,1971.0,1780.0
182146.0,1970.0,1780.0
182149.0,1970.0,1780.0
182152.0,1970.0,1780.0
182155.0,1969.0,1779.0
182158.0,1969.0,1779.0
182161.0,1969.0,1779.0
182164.0,1969.0,1779.0
182167.0,1970.0,1780.0
182170.0,1970.0,1780.0
182173.0,1970.0,1780.0
182176.0,1969.0,1779.0
182179.0,1968.0,1778.0
182182.0,1967.0,1777.0
182185.0,1964.0,1775.0
182187.0,1960.0,1771.0
182190.0,1955.0,1767.0
182193.0,1952.0,1765.0
182196.0,1949.0,1762.0
182199.0,1946.0,1760.0
182202.0,1945.0,1759.0
182205.0,1942.0,1756.0
182208.0,1940.0,1755.0
182211.0,1938.0,1753.0
182214.0,1936.0,1751.0
182217.0,1935.0,1751.0
182220.0,1932.0,1748.0
182223.0,1929.0,1746.0
182226.0,1927.0,1744.0
182229.0,1925.0,1742.0
182232.0,1923.0,1741.0
182235.0,1920.0,1738.0
182237.0,1918.0,1736.0
182240.0,1917.0,1736.0
182243.0,1916.0,1735.0
182246.0,1916.0,1735.0
182249.0,1915.0,1734.0
182252.0,1915.0,1734.0
182255.0,1916.0,1735.0
182258.0,1917.0,1736.0
182261.0,1920.0,1738.0
182264.0,1923.0,1741.0
182267.0,1926.0,1743.0
182270.0,1928.0,1745.0
182273.0,1929.0,1746.0
182276.0,1930.0,1746.0
182279.0,1928.0,1745.0
182282.0,1925.0,1742.0
182285.0,1923.0,1741.0
182288.0,1923.0,1741.0
182291.0,1923.0,1741.0
182293.0,1921.0,1739.0
182296.0,1920.0,1738.0
182299.0,1918.0,1736.0
182302.0,1915.0,1734.0
182305.0,1912.0,1731.0
182308.0,1910.0,1730.0
182311.0,1908.0,1728.0
182314.0,1906.0,1726.0
182317.0,1905.0,1726.0
182320.0,1905.0,1726.0
182323.0,1904.0,1725.0
182326.0,1904.0,1725.0
182329.0,1904.0,1725.0
182332.0,1905.0,1726.0
182335.0,1906.0,1726.0
182338.0,1906.0,1726.0
182341.0,1908.0,1728.0
182344.0,1909.0,1729.0
182346.0,1911.0,1731.0
182349.0,1913.0,1732.0
182352.0,1915.0,1734.0
182355.0,1917.0,1736.0
182358.0,1919.0,1737.0
182361.0,1921.0,1739.0
182364.0,1923.0,1741.0
182367.0,1924.0,1741.0
182370.0,1926.0,1743.0
182373.0,1925.0,1742.0
182376.0,1926.0,1743.0
182379.0,1924.0,1741.0
182382.0,1925.0,1742.0
182385.0,1926.0,1743.0
182388.0,1927.0,1744.0
182391.0,1930.0,1746.0
182394.0,1931.0,1747.0
182397.0,1932.0,1748.0
182399.0,1933.0,1749.0
182402.0,1934.0,1750.0
182405.0,1935.0,1751.0
182408.0,1935.0,1751.0
182411.0,1935.0,1751.0
182414.0,1935.0,1751.0
182417.0,1934.0,1750.0
182420.0,1934.0,1750.0
182423.0,1932.0,1748.0
182426.0,1932.0,1748.0
182429.0,1930.0,1746.0
182432.0,1929.0,1746.0
182435.0,1930.0,1746.0
182438.0,1929.0,1746.0
182441.0,1927.0,1744.0
182444.0,1925.0,1742.0
182447.0,1923.0,1741.0
182450.0,1921.0,1739.0
182452.0,1918.0,1736.0
182455.0,1915.0,1734.0
182458.0,1913.0,1732.0
182461.0,1909.0,1729.0
182464.0,1906.0,1726.0
182467.0,1904.0,1725.0
182470.0,1901.0,1722.0
182473.0,1897.0,1719.0
182476.0,1891.0,1714.0
182479.0,1888.0,1711.0
182482.0,1884.0,1708.0
182485.0,1879.0,1704.0
182488.0,1876.0,1701.0
182491.0,1873.0,1699.0
182494.0,1871.0,1697.0
182497.0,1868.0,1695.0
182500.0,1867.0,1694.0
182503.0,1865.0,1692.0
182505.0,1860.0,1688.0
182508.0,1857.0,1686.0
182511.0,1855.0,1684.0
182514.0,1851.0,1681.0
182517.0,1847.0,1677.0
182520.0,1844.0,1675.0
182523.0,1841.0,1672.0
182526.0,1840.0,1672.0
182529.0,1838.0,1670.0
182532.0,1834.0,1667.0
182535.0,1829.0,1662.0
182538.0,1825.0,1659.0
182541.0,1822.0,1657.0
182544.0,1820.0,1655.0
182547.0,1814.0,1650.0
182550.0,1811.0,1647.0
182553.0,1809.0,1646.0
182556.0,1807.0,1644.0
182558.0,1806.0,1643.0
182561.0,1803.0,1641.0
182564.0,1800.0,1638.0
182567.0,1797.0,1636.0
182570.0,1794.0,1633.0
182573.0,1791.0,1631.0
182576.0,1789.0,1629.0
182579.0,1786.0,1627.0
182582.0,1783.0,1624.0
182585.0,1783.0,1624.0
182588.0,1785.0,1626.0
182591.0,1785.0,1626.0
182594.0,1788.0,1628.0
182597.0,1790.0,1630.0
182600.0,1792.0,1632.0
182603.0,1794.0,1633.0
182606.0,1796.0,1635.0
182608.0,1797.0,1636.0
182611.0,1799.0,1637.0
182614.0,1802.0,1640.0
182617.0,1805.0,1642.0
182620.0,1805.0,1642.0
182623.0,1806.0,1643.0
182626.0,1806.0,1643.0
182629.0,1806.0,1643.0
182632.0,1804.0,1642.0
182635.0,1803.0,1641.0
182638.0,1801.0,1639.0
182641.0,1798.0,1637.0
182644.0,1796.0,1635.0
182647.0,1795.0,1634.0
182650.0,1797.0,1636.0
182653.0,1797.0,1636.0
182656.0,1796.0,1635.0
182659.0,1796.0,1635.0
182661.0,1795.0,1634.0
182664.0,1794.0,1633.0
182667.0,1793.0,1632.0
182670.0,1792.0,1632.0
182673.0,1792.0,1632.0
182676.0,1790.0,1630.0
182679.0,1790.0,1630.0
182682.0,1790.0,1630.0
182685.0,1790.0,1630.0
182688.0,1789.0,1629.0
182691.0,1788.0,1628.0
182694.0,1787.0,1627.0
182697.0,1784.0,1625.0
182700.0,1783.0,1624.0
182703.0,1783.0,1624.0
182706.0,1783.0,1624.0
182709.0,1783.0,1624.0
182712.0,1784.0,1625.0
182714.0,1785.0,1626.0
182717.0,1788.0,1628.0
182720.0,1789.0,1629.0
182723.0,1791.0,1631.0
182726.0,1794.0,1633.0
182729.0,1798.0,1637.0
182732.0,1805.0,1642.0
182735.0,1809.0,1646.0
182738.0,1815.0,1651.0
182741.0,1821.0,1656.0
182744.0,1827.0,1661.0
182747.0,1833.0,1666.0
182750.0,1838.0,1670.0
182753.0,1840.0,1672.0
182756.0,1843.0,1674.0
182759.0,1846.0,1677.0
182762.0,1849.0,1679.0
182764.0,1851.0,1681.0
182767.0,1852.0,1682.0
182770.0,1852.0,1682.0
182773.0,1851.0,1681.0
182776.0,1849.0,1679.0
182779.0,1846.0,1677.0
182782.0,1842.0,1673.0
182785.0,1840.0,1672.0
182788.0,1838.0,1670.0
182791.0,1836.0,1668.0
182794.0,1832.0,1665.0
182797.0,1831.0,1664.0
182800.0,1830.0,1663.0
182803.0,1830.0,1663.0
182806.0,1831.0,1664.0
182809.0,1832.0,1665.0
182812.0,1835.0,1667.0
182815.0,1835.0,1667.0
182817.0,1836.0,1668.0
182820.0,1837.0,1669.0
182823.0,1837.0,1669.0
182826.0,1837.0,1669.0
182829.0,1837.0,1669.0
182832.0,1837.0,1669.0
182835.0,1836.0,1668.0
182838.0,1835.0,1667.0
182841.0,1834.0,1667.0
182844.0,1833.0,1666.0
182847.0,1831.0,1664.0
182850.0,1831.0,1664.0
182853.0,1832.0,1665.0
182856.0,1832.0,1665.0
182859.0,1832.0,1665.0
182862.0,1830.0,1663.0
182865.0,1829.0,1662.0
182868.0,1827.0,1661.0
182870.0,1825.0,1659.0
182873.0,1825.0,1659.0
182876.0,1824.0,1658.0
182879.0,1822.0,1657.0
182882.0,1820.0,1655.0
182885.0,1819.0,1654.0
182888.0,1816.0,1652.0
182891.0,1813.0,1649.0
182894.0,1812.0,1648.0
182897.0,1809.0,1646.0
182900.0,1808.0,1645.0
182903.0,1807.0,1644.0
182906.0,1807.0,1644.0
182909.0,1807.0,1644.0
182912.0,1808.0,1645.0
182915.0,1808.0,1645.0
182918.0,1808.0,1645.0
182921.0,1807.0,1644.0
182923.0,1806.0,1643.0
182926.0,1803.0,1641.0
182929.0,1800.0,1638.0
182932.0,1797.0,1636.0
182935.0,1795.0,1634.0
182938.0,1794.0,1633.0
182941.0,1792.0,1632.0
182944.0,1789.0,1629.0
182947.0,1786.0,1627.0
182950.0,1784.0,1625.0
182953.0,1781.0,1622.0
182956.0,1779.0,1621.0
182959.0,1779.0,1621.0
182962.0,1778.0,1620.0
182965.0,1777.0,1619.0
182968.0,1776.0,1618.0
182971.0,1775.0,1618.0
182974.0,1773.0,1616.0
182976.0,1770.0,1613.0
182979.0,1766.0,1610.0
182982.0,1762.0,1607.0
182985.0,1760.0,1605.0
182988.0,1758.0,1603.0
182991.0,1756.0,1602.0
182994.0,1756.0,1602.0
182997.0,1756.0,1602.0
183000.0,1758.0,1603.0
183003.0,1761.0,1606.0
183006.0,1763.0,1608.0
183009.0,1768.0,1612.0
183012.0,1773.0,1616.0
183015.0,1777.0,1619.0
183018.0,1783.0,1624.0
183021.0,1790.0,1630.0
183024.0,1797.0,1636.0
183026.0,1805.0,1642.0
183029.0,1811.0,1647.0
183032.0,1820.0,1655.0
183035.0,1827.0,1661.0
183038.0,1836.0,1668.0
183041.0,1842.0,1673.0
183044.0,1850.0,1680.0
183047.0,1856.0,1685.0
183050.0,1861.0,1689.0
183053.0,1869.0,1696.0
183056.0,1874.0,1700.0
183059.0,1881.0,1706.0
183062.0,1889.0,1712.0
183065.0,1898.0,1720.0
183068.0,1905.0,1726.0
183071.0,1913.0,1732.0
183074.0,1921.0,1739.0
183077.0,1930.0,1746.0
183079.0,1937.0,1752.0
183082.0,1944.0,1758.0
183085.0,1952.0,1765.0
183088.0,1961.0,1772.0
183091.0,1966.0,1776.0
183094.0,1970.0,1780.0
183097.0,1977.0,1785.0
183100.0,1982.0,1790.0
183103.0,1987.0,1794.0
183106.0,1992.0,1798.0
183109.0,1998.0,1803.0
183112.0,2003.0,1807.0
183115.0,2009.0,1812.0
183118.0,2016.0,1818.0
183121.0,2023.0,1824.0
183124.0,2029.0,1829.0
183127.0,2033.0,1832.0
183130.0,2037.0,1835.0
183132.0,2041.0,1839.0
183135.0,2043.0,1840.0
183138.0,2044.0,1841.0
183141.0,2045.0,1842.0
183144.0,2044.0,1841.0
183147.0,2040.0,1838.0
183150.0,2037.0,1835.0
183153.0,2035.0,1834.0
183156.0,2033.0,1832.0
183159.0,2031.0,1830.0
183162.0,2029.0,1829.0
183165.0,2026.0,1826.0
183168.0,2024.0,1824.0
183171.0,2022.0,1823.0
183174.0,2020.0,1821.0
183177.0,2017.0,1819.0
183180.0,2014.0,1816.0
183183.0,2011.0,1814.0
183185.0,2005.0,1809.0
183188.0,2000.0,1805.0
183191.0,1997.0,1802.0
183194.0,1991.0,1797.0
183197.0,1986.0,1793.0
183200.0,1982.0,1790.0
183203.0,1979.0,1787.0
183206.0,1976.0,1785.0
183209.0,1973.0,1782.0
183212.0,1972.0,1781.0
183215.0,1972.0,1781.0
183218.0,1972.0,1781.0
183221.0,1973.0,1782.0
183224.0,1979.0,1787.0
183227.0,1982.0,1790.0
183230.0,1986.0,1793.0
183233.0,1992.0,1798.0
183236.0,1998.0,1803.0
183238.0,2003.0,1807.0
183241.0,2009.0,1812.0
183244.0,2016.0,1818.0
183247.0,2021.0,1822.0
183250.0,2027.0,1827.0
183253.0,2031.0,1830.0
183256.0,2035.0,1834.0
183259.0,2040.0,1838.0
183262.0,2045.0,1842.0
183265.0,2048.0,1844.0
183268.0,2050.0,1846.0
183271.0,2050.0,1846.0
183274.0,2044.0,1841.0
183277.0,2042.0,1839.0
183280.0,2040.0,1838.0
183283.0,2038.0,1836.0
183286.0,2038.0,1836.0
183288.0,2038.0,1836.0
183291.0,2037.0,1835.0
183294.0,2036.0,1834.0
183297.0,2036.0,1834.0
183300.0,2035.0,1834.0
183303.0,2034.0,1833.0
183306.0,2033.0,1832.0
183309.0,2033.0,1832.0
183312.0,2032.0,1831.0
183315.0,2032.0,1831.0
183318.0,2033.0,1832.0
183321.0,2034.0,1833.0
183324.0,2034.0,1833.0
183327.0,2033.0,1832.0
183330.0,2033.0,1832.0
183333.0,2033.0,1832.0
183336.0,2031.0,1830.0
183339.0,2029.0,1829.0
183341.0,2025.0,1825.0
183344.0,2020.0,1821.0
183347.0,2016.0,1818.0
183350.0,2012.0,1815.0
183353.0,2009.0,1812.0
183356.0,2004.0,1808.0
183359.0,2001.0,1805.0
183362.0,2000.0,1805.0
183365.0,1998.0,1803.0
183368.0,1994.0,1800.0
183371.0,1989.0,1795.0
183374.0,1985.0,1792.0
183377.0,1981.0,1789.0
183380.0,1976.0,1785.0
183383.0,1972.0,1781.0
183386.0,1969.0,1779.0
183389.0,1968.0,1778.0
183392.0,1966.0,1776.0
183394.0,1964.0,1775.0
183397.0,1963.0,1774.0
183400.0,1961.0,1772.0
183403.0,1960.0,1771.0
183406.0,1961.0,1772.0
183409.0,1961.0,1772.0
183412.0,1965.0,1775.0
183415.0,1967.0,1777.0
183418.0,1971.0,1780.0
183421.0,1977.0,1785.0
183424.0,1981.0,1789.0
183427.0,1986.0,1793.0
183430.0,1989.0,1795.0
183433.0,1992.0,1798.0
183436.0,1993.0,1799.0
183439.0,1994.0,1800.0
183442.0,1994.0,1800.0
183445.0,1994.0,1800.0
183447.0,1996.0,1801.0
183450.0,1997.0,1802.0
183453.0,1998.0,1803.0
183456.0,1999.0,1804.0
183459.0,2000.0,1805.0
183462.0,2000.0,1805.0
183465.0,2002.0,1806.0
183468.0,2005.0,1809.0
183471.0,2010.0,1813.0
183474.0,2014.0,1816.0
183477.0,2017.0,1819.0
183480.0,2020.0,1821.0
183483.0,2024.0,1824.0
183486.0,2025.0,1825.0
183489.0,2025.0,1825.0
183492.0,2026.0,1826.0
183495.0,2025.0,1825.0
183498.0,2022.0,1823.0
183500.0,2018.0,1819.0
183503.0,2013.0,1815.0
183506.0,2007.0,1810.0
183509.0,2000.0,1805.0
183512.0,1995.0,1800.0
183515.0,1988.0,1795.0
183518.0,1982.0,1790.0
183521.0,1974.0,1783.0
183524.0,1968.0,1778.0
183527.0,1963.0,1774.0
183530.0,1955.0,1767.0
183533.0,1948.0,1761.0
183536.0,1942.0,1756.0
183539.0,1937.0,1752.0
183542.0,1934.0,1750.0
183545.0,1929.0,1746.0
183548.0,1925.0,1742.0
183551.0,1921.0,1739.0
183553.0,1920.0,1738.0
183556.0,1920.0,1738.0
183559.0,1920.0,1738.0
183562.0,1919.0,1737.0
183565.0,1920.0,1738.0
183568.0,1921.0,1739.0
183571.0,1922.0,1740.0
183574.0,1925.0,1742.0
183577.0,1928.0,1745.0
183580.0,1933.0,1749.0
183583.0,1935.0,1751.0
183586.0,1939.0,1754.0
183589.0,1943.0,1757.0
183592.0,1946.0,1760.0
183595.0,1949.0,1762.0
183598.0,1951.0,1764.0
183601.0,1952.0,1765.0
183603.0,1954.0,1766.0
183606.0,1956.0,1768.0
183609.0,1959.0,1770.0
183612.0,1960.0,1771.0
183615.0,1959.0,1770.0
183618.0,1959.0,1770.0
183621.0,1958.0,1770.0
183624.0,1957.0,1769.0
183627.0,1957.0,1769.0
183630.0,1958.0,1770.0
183633.0,1959.0,1770.0
183636.0,1959.0,1770.0
183639.0,1960.0,1771.0
183642.0,1960.0,1771.0
183645.0,1962.0,1773.0
183648.0,1962.0,1773.0
183651.0,1964.0,1775.0
183654.0,1964.0,1775.0
183656.0,1965.0,1775.0
183659.0,1964.0,1775.0
183662.0,1962.0,1773.0
183665.0,1960.0,1771.0
183668.0,1957.0,1769.0
183671.0,1953.0,1765.0
183674.0,1950.0,1763.0
183677.0,1947.0,1760.0
183680.0,1942.0,1756.0
183683.0,1938.0,1753.0
183686.0,1936.0,1751.0
183689.0,1935.0,1751.0
183692.0,1934.0,1750.0
183695.0,1933.0,1749.0
183698.0,1932.0,1748.0
183701.0,1928.0,1745.0
183704.0,1925.0,1742.0
183707.0,1922.0,1740.0
183709.0,1920.0,1738.0
183712.0,1920.0,1738.0
183715.0,1921.0,1739.0
183718.0,1923.0,1741.0
183721.0,1926.0,1743.0
183724.0,1932.0,1748.0
183727.0,1935.0,1751.0
183730.0,1939.0,1754.0
183733.0,1943.0,1757.0
183736.0,1949.0,1762.0
183739.0,1954.0,1766.0
183742.0,1957.0,1769.0
183745.0,1963.0,1774.0
183748.0,1967.0,1777.0
183751.0,1969.0,1779.0
183754.0,1974.0,1783.0
183757.0,1978.0,1786.0
183760.0,1982.0,1790.0
183762.0,1984.0,1791.0
183765.0,1986.0,1793.0
183768.0,1990.0,1796.0
183771.0,1994.0,1800.0
183774.0,1995.0,1800.0
183777.0,1996.0,1801.0
183780.0,1995.0,1800.0
183783.0,1992.0,1798.0
183786.0,1988.0,1795.0
183789.0,1985.0,1792.0
183792.0,1983.0,1790.0
183795.0,1980.0,1788.0
183798.0,1979.0,1787.0
183801.0,1978.0,1786.0
183804.0,1978.0,1786.0
183807.0,1976.0,1785.0
183810.0,1976.0,1785.0
183812.0,1974.0,1783.0
183815.0,1972.0,1781.0
183818.0,1970.0,1780.0
183821.0,1969.0,1779.0
183824.0,1969.0,1779.0
183827.0,1968.0,1778.0
183830.0,1968.0,1778.0
183833.0,1969.0,1779.0
183836.0,1970.0,1780.0
183839.0,1971.0,1780.0
183842.0,1973.0,1782.0
183845.0,1976.0,1785.0
183848.0,1978.0,1786.0
183851.0,1981.0,1789.0
183854.0,1982.0,1790.0
183857.0,1984.0,1791.0
183860.0,1985.0,1792.0
183863.0,1986.0,1793.0
183866.0,1986.0,1793.0
183868.0,1986.0,1793.0
183871.0,1985.0,1792.0
183874.0,1985.0,1792.0
183877.0,1985.0,1792.0
183880.0,1984.0,1791.0
183883.0,1983.0,1790.0
183886.0,1983.0,1790.0
183889.0,1983.0,1790.0
183892.0,1983.0,1790.0
183895.0,1982.0,1790.0
183898.0,1983.0,1790.0
183901.0,1983.0,1790.0
183904.0,1983.0,1790.0
183907.0,1984.0,1791.0
183910.0,1986.0,1793.0
183913.0,1986.0,1793.0
183916.0,1987.0,1794.0
183918.0,1987.0,1794.0
183921.0,1987.0,1794.0
183924.0,1987.0,1794.0
183927.0,1989.0,1795.0
183930.0,1990.0,1796.0
183933.0,1993.0,1799.0
183936.0,1993.0,1799.0
183939.0,1994.0,1800.0
183942.0,1993.0,1799.0
183945.0,1993.0,1799.0
183948.0,1993.0,1799.0
183951.0,1994.0,1800.0
183954.0,1996.0,1801.0
183957.0,1998.0,1803.0
183960.0,2000.0,1805.0
183963.0,2003.0,1807.0
183966.0,2006.0,1810.0
183969.0,2009.0,1812.0
183972.0,2013.0,1815.0
183974.0,2016.0,1818.0
183977.0,2018.0,1819.0
183980.0,2018.0,1819.0
183983.0,2018.0,1819.0
183986.0,2018.0,1819.0
183989.0,2016.0,1818.0
183992.0,2014.0,1816.0
183995.0,2013.0,1815.0
183998.0,2009.0,1812.0
184001.0,2004.0,1808.0
184004.0,2001.0,1805.0
184007.0,1999.0,1804.0
184010.0,1996.0,1801.0
184013.0,1993.0,1799.0
184016.0,1989.0,1795.0
184019.0,1986.0,1793.0
184022.0,1984.0,1791.0
184025.0,1983.0,1790.0
184027.0,1981.0,1789.0
184030.0,1980.0,1788.0
184033.0,1978.0,1786.0
184036.0,1977.0,1785.0
184039.0,1974.0,1783.0
184042.0,1972.0,1781.0
184045.0,1971.0,1780.0
184048.0,1971.0,1780.0
184051.0,1969.0,1779.0
184054.0,1968.0,1778.0
184057.0,1965.0,1775.0
184060.0,1962.0,1773.0
184063.0,1958.0,1770.0
184066.0,1955.0,1767.0
184069.0,1953.0,1765.0
184072.0,1951.0,1764.0
184075.0,1948.0,1761.0
184078.0,1948.0,1761.0
184080.0,1949.0,1762.0
184083.0,1948.0,1761.0
184086.0,1948.0,1761.0
184089.0,1949.0,1762.0
184092.0,1949.0,1762.0
184095.0,1947.0,1760.0
184098.0,1943.0,1757.0
184101.0,1940.0,1755.0
184104.0,1937.0,1752.0
184107.0,1936.0,1751.0
184110.0,1933.0,1749.0
184113.0,1932.0,1748.0
184116.0,1928.0,1745.0
184119.0,1924.0,1741.0
184122.0,1920.0,1738.0
184125.0,1915.0,1734.0
184128.0,1908.0,1728.0
184131.0,1902.0,1723.0
184133.0,1897.0,1719.0
184136.0,1891.0,1714.0
184139.0,1888.0,1711.0
184142.0,1887.0,1711.0
184145.0,1885.0,1709.0
184148.0,1884.0,1708.0
184151.0,1887.0,1711.0
184154.0,1891.0,1714.0
184157.0,1897.0,1719.0
184160.0,1903.0,1724.0
184163.0,1911.0,1731.0
184166.0,1921.0,1739.0
184169.0,1931.0,1747.0
184172.0,1941.0,1755.0
184175.0,1951.0,1764.0
184178.0,1962.0,1773.0
184181.0,1970.0,1780.0
184183.0,1981.0,1789.0
184186.0,1990.0,1796.0
184189.0,1998.0,1803.0
184192.0,2002.0,1806.0
184195.0,2009.0,1812.0
184198.0,2014.0,1816.0
184201.0,2016.0,1818.0
184204.0,2019.0,1820.0
184207.0,2022.0,1823.0
184210.0,2025.0,1825.0
184213.0,2027.0,1827.0
184216.0,2028.0,1828.0
184219.0,2027.0,1827.0
184222.0,2025.0,1825.0
184225.0,2022.0,1823.0
184228.0,2019.0,1820.0
184231.0,2018.0,1819.0
184234.0,2016.0,1818.0
184237.0,2014.0,1816.0
184239.0,2013.0,1815.0
184242.0,2011.0,1814.0
184245.0,2010.0,1813.0
184248.0,2009.0,1812.0
184251.0,2009.0,1812.0
184254.0,2010.0,1813.0
184257.0,2012.0,1815.0
184260.0,2016.0,1818.0
184263.0,2019.0,1820.0
184266.0,2023.0,1824.0
184269.0,2027.0,1827.0
184272.0,2032.0,1831.0
184275.0,2036.0,1834.0
184278.0,2045.0,1842.0
184281.0,2055.0,1850.0
184284.0,2062.0,1856.0
184287.0,2067.0,1860.0
184290.0,2074.0,1866.0
184292.0,2081.0,1872.0
184295.0,2085.0,1875.0
184298.0,2088.0,1878.0
184301.0,2088.0,1878.0
184304.0,2087.0,1877.0
184307.0,2087.0,1877.0
184310.0,2087.0,1877.0
184313.0,2085.0,1875.0
184316.0,2082.0,1873.0
184319.0,2079.0,1870.0
184322.0,2076.0,1868.0
184325.0,2072.0,1864.0
184328.0,2066.0,1859.0
184331.0,2062.0,1856.0
184334.0,2056.0,1851.0
184337.0,2044.0,1841.0
184340.0,2035.0,1834.0
184343.0,2029.0,1829.0
184345.0,2021.0,1822.0
184348.0,2014.0,1816.0
184351.0,2007.0,1810.0
184354.0,2001.0,1805.0
184357.0,1997.0,1802.0
184360.0,1992.0,1798.0
184363.0,1987.0,1794.0
184366.0,1985.0,1792.0
184369.0,1984.0,1791.0
184372.0,1985.0,1792.0
184375.0,1987.0,1794.0
184378.0,1992.0,1798.0
184381.0,1997.0,1802.0
184384.0,2001.0,1805.0
184387.0,2007.0,1810.0
184390.0,2014.0,1816.0
184393.0,2021.0,1822.0
184396.0,2029.0,1829.0
184398.0,2033.0,1832.0
184401.0,2039.0,1837.0
184404.0,2046.0,1843.0
184407.0,2054.0,1849.0
184410.0,2060.0,1854.0
184413.0,2063.0,1857.0
184416.0,2067.0,1860.0
184419.0,2071.0,1864.0
184422.0,2073.0,1865.0
184425.0,2072.0,1864.0
184428.0,2069.0,1862.0
184431.0,2065.0,1859.0
184434.0,2062.0,1856.0
184437.0,2056.0,1851.0
184440.0,2049.0,1845.0
184443.0,2040.0,1838.0
184446.0,2033.0,1832.0
184448.0,2028.0,1828.0
184451.0,2020.0,1821.0
184454.0,2009.0,1812.0
184457.0,1999.0,1804.0
184460.0,1988.0,1795.0
184463.0,1979.0,1787.0
184466.0,1969.0,1779.0
184469.0,1959.0,1770.0
184472.0,1949.0,1762.0
184475.0,1939.0,1754.0
184478.0,1932.0,1748.0
184481.0,1922.0,1740.0
184484.0,1916.0,1735.0
184487.0,1910.0,1730.0
184490.0,1906.0,1726.0
184493.0,1904.0,1725.0
184496.0,1901.0,1722.0
184499.0,1896.0,1718.0
184502.0,1891.0,1714.0
184504.0,1885.0,1709.0
184507.0,1879.0,1704.0
184510.0,1873.0,1699.0
184513.0,1869.0,1696.0
184516.0,1862.0,1690.0
184519.0,1856.0,1685.0
184522.0,1852.0,1682.0
184525.0,1847.0,1677.0
184528.0,1845.0,1676.0
184531.0,1844.0,1675.0
184534.0,1845.0,1676.0
184537.0,1847.0,1677.0
184540.0,1849.0,1679.0
184543.0,1851.0,1681.0
184546.0,1854.0,1683.0
184549.0,1858.0,1686.0
184552.0,1863.0,1691.0
184555.0,1870.0,1696.0
184557.0,1874.0,1700.0
184560.0,1879.0,1704.0
184563.0,1884.0,1708.0
184566.0,1890.0,1713.0
184569.0,1897.0,1719.0
184572.0,1902.0,1723.0
184575.0,1907.0,1727.0
184578.0,1917.0,1736.0
184581.0,1925.0,1742.0
184584.0,1935.0,1751.0
184587.0,1943.0,1757.0
184590.0,1953.0,1765.0
184593.0,1960.0,1771.0
184596.0,1966.0,1776.0
184599.0,1969.0,1779.0
184602.0,1972.0,1781.0
184605.0,1973.0,1782.0
184608.0,1972.0,1781.0
184610.0,1970.0,1780.0
184613.0,1968.0,1778.0
184616.0,1964.0,1775.0
184619.0,1959.0,1770.0
184622.0,1955.0,1767.0
184625.0,1953.0,1765.0
184628.0,1951.0,1764.0
184631.0,1949.0,1762.0
184634.0,1948.0,1761.0
184637.0,1947.0,1760.0
184640.0,1945.0,1759.0
184643.0,1943.0,1757.0
184646.0,1941.0,1755.0
184649.0,1939.0,1754.0
184652.0,1937.0,1752.0
184655.0,1936.0,1751.0
184658.0,1935.0,1751.0
184661.0,1933.0,1749.0
184663.0,1930.0,1746.0
184666.0,1927.0,1744.0
184669.0,1927.0,1744.0
184672.0,1927.0,1744.0
184675.0,1929.0,1746.0
184678.0,1932.0,1748.0
184681.0,1935.0,1751.0
184684.0,1938.0,1753.0
184687.0,1944.0,1758.0
184690.0,1950.0,1763.0
184693.0,1955.0,1767.0
184696.0,1961.0,1772.0
184699.0,1966.0,1776.0
184702.0,1969.0,1779.0
184705.0,1972.0,1781.0
184708.0,1978.0,1786.0
184711.0,1983.0,1790.0
184714.0,1983.0,1790.0
184716.0,1985.0,1792.0
184719.0,1988.0,1795.0
184722.0,1992.0,1798.0
184725.0,1995.0,1800.0
184728.0,1999.0,1804.0
184731.0,2004.0,1808.0
184734.0,2007.0,1810.0
184737.0,2009.0,1812.0
184740.0,2013.0,1815.0
184743.0,2015.0,1817.0
184746.0,2015.0,1817.0
184749.0,2015.0,1817.0
184752.0,2014.0,1816.0
184755.0,2012.0,1815.0
184758.0,2008.0,1811.0
184761.0,2006.0,1810.0
184764.0,2004.0,1808.0
184767.0,2001.0,1805.0
184769.0,1998.0,1803.0
184772.0,1994.0,1800.0
184775.0,1989.0,1795.0
184778.0,1984.0,1791.0
184781.0,1977.0,1785.0
184784.0,1970.0,1780.0
184787.0,1964.0,1775.0
184790.0,1956.0,1768.0
184793.0,1949.0,1762.0
184796.0,1940.0,1755.0
184799.0,1933.0,1749.0
184802.0,1925.0,1742.0
184805.0,1918.0,1736.0
184808.0,1911.0,1731.0
184811.0,1904.0,1725.0
184814.0,1898.0,1720.0
184817.0,1887.0,1711.0
184820.0,1875.0,1701.0
184822.0,1865.0,1692.0
184825.0,1853.0,1682.0
184828.0,1842.0,1673.0
184831.0,1833.0,1666.0
184834.0,1824.0,1658.0
184837.0,1816.0,1652.0
184840.0,1808.0,1645.0
184843.0,1804.0,1642.0
184846.0,1799.0,1637.0
184849.0,1795.0,1634.0
184852.0,1793.0,1632.0
184855.0,1793.0,1632.0
184858.0,1795.0,1634.0
184861.0,1800.0,1638.0
184864.0,1806.0,1643.0
184867.0,1810.0,1647.0
184870.0,1817.0,1652.0
184873.0,1823.0,1657.0
184876.0,1829.0,1662.0
184878.0,1837.0,1669.0
184881.0,1844.0,1675.0
184884.0,1854.0,1683.0
184887.0,1864.0,1691.0
184890.0,1875.0,1701.0
184893.0,1887.0,1711.0
184896.0,1899.0,1721.0
184899.0,1910.0,1730.0
184902.0,1921.0,1739.0
184905.0,1930.0,1746.0
184908.0,1936.0,1751.0
184911.0,1940.0,1755.0
184914.0,1943.0,1757.0
184917.0,1944.0,1758.0
184920.0,1944.0,1758.0
184923.0,1944.0,1758.0
184926.0,1942.0,1756.0
184929.0,1940.0,1755.0
184931.0,1937.0,1752.0
184934.0,1933.0,1749.0
184937.0,1926.0,1743.0
184940.0,1918.0,1736.0
184943.0,1908.0,1728.0
184946.0,1901.0,1722.0
184949.0,1890.0,1713.0
184952.0,1879.0,1704.0
184955.0,1869.0,1696.0
184958.0,1860.0,1688.0
184961.0,1851.0,1681.0
184964.0,1841.0,1672.0
184967.0,1835.0,1667.0
184970.0,1828.0,1662.0
184973.0,1823.0,1657.0
184976.0,1821.0,1656.0
184979.0,1816.0,1652.0
184982.0,1812.0,1648.0
184984.0,1810.0,1647.0
184987.0,1808.0,1645.0
184990.0,1807.0,1644.0
184993.0,1805.0,1642.0
184996.0,1804.0,1642.0
184999.0,1801.0,1639.0
185002.0,1799.0,1637.0
185010.0,1799.0,1637.0
185013.0,1829.0,1662.0
185016.0,1841.0,1672.0
185018.0,1848.0,1678.0
185021.0,1850.0,1680.0
185024.0,1847.0,1677.0
185027.0,1843.0,1674.0
185030.0,1839.0,1671.0
185033.0,1832.0,1665.0
185036.0,1824.0,1658.0
185039.0,1817.0,1652.0
185042.0,1810.0,1647.0
185045.0,1805.0,1642.0
185048.0,1802.0,1640.0
185051.0,1797.0,1636.0
185054.0,1795.0,1634.0
185057.0,1794.0,1633.0
185060.0,1793.0,1632.0
185063.0,1793.0,1632.0
185066.0,1792.0,1632.0
185069.0,1790.0,1630.0
185071.0,1788.0,1628.0
185074.0,1785.0,1626.0
185077.0,1782.0,1623.0
185080.0,1778.0,1620.0
185083.0,1774.0,1617.0
185086.0,1767.0,1611.0
185089.0,1758.0,1603.0
185092.0,1749.0,1596.0
185095.0,1741.0,1589.0
185098.0,1730.0,1580.0
185101.0,1721.0,1573.0
185104.0,1713.0,1566.0
185107.0,1709.0,1563.0
185110.0,1706.0,1560.0
185113.0,1704.0,1558.0
185116.0,1704.0,1558.0
185119.0,1703.0,1558.0
185122.0,1704.0,1558.0
185124.0,1706.0,1560.0
185127.0,1709.0,1563.0
185130.0,1711.0,1564.0
185133.0,1715.0,1568.0
185136.0,1722.0,1573.0
185139.0,1730.0,1580.0
185142.0,1741.0,1589.0
185145.0,1754.0,1600.0
185148.0,1771.0,1614.0
185151.0,1787.0,1627.0
185154.0,1808.0,1645.0
185157.0,1829.0,1662.0
185160.0,1848.0,1678.0
185163.0,1866.0,1693.0
185166.0,1883.0,1707.0
185169.0,1901.0,1722.0
185172.0,1913.0,1732.0
185175.0,1926.0,1743.0
185177.0,1938.0,1753.0
185180.0,1949.0,1762.0
185183.0,1960.0,1771.0
185186.0,1967.0,1777.0
185189.0,1971.0,1780.0
185192.0,1974.0,1783.0
185195.0,1974.0,1783.0
185198.0,1972.0,1781.0
185201.0,1968.0,1778.0
185204.0,1965.0,1775.0
185207.0,1958.0,1770.0
185210.0,1949.0,1762.0
185213.0,1939.0,1754.0
185216.0,1930.0,1746.0
185219.0,1917.0,1736.0
185222.0,1904.0,1725.0
185225.0,1888.0,1711.0
185228.0,1871.0,1697.0
185230.0,1855.0,1684.0
185233.0,1838.0,1670.0
185236.0,1820.0,1655.0
185239.0,1804.0,1642.0
185242.0,1791.0,1631.0
185245.0,1778.0,1620.0
185248.0,1769.0,1613.0
185251.0,1760.0,1605.0
185254.0,1751.0,1598.0
185257.0,1744.0,1592.0
185260.0,1740.0,1588.0
185263.0,1735.0,1584.0
185266.0,1732.0,1582.0
185269.0,1730.0,1580.0
185272.0,1729.0,1579.0
185275.0,1729.0,1579.0
185278.0,1731.0,1581.0
185281.0,1734.0,1583.0
185283.0,1740.0,1588.0
185286.0,1745.0,1593.0
185289.0,1751.0,1598.0
185292.0,1759.0,1604.0
185295.0,1768.0,1612.0
185298.0,1776.0,1618.0
185301.0,1784.0,1625.0
185304.0,1793.0,1632.0
185307.0,1801.0,1639.0
185310.0,1807.0,1644.0
185313.0,1812.0,1648.0
185316.0,1819.0,1654.0
185319.0,1824.0,1658.0
185322.0,1828.0,1662.0
185325.0,1831.0,1664.0
185328.0,1834.0,1667.0
185331.0,1837.0,1669.0
185334.0,1839.0,1671.0
185336.0,1842.0,1673.0
185339.0,1846.0,1677.0
185342.0,1850.0,1680.0
185345.0,1853.0,1682.0
185348.0,1854.0,1683.0
185351.0,1855.0,1684.0
185354.0,1855.0,1684.0
185357.0,1856.0,1685.0
185360.0,1856.0,1685.0
185363.0,1856.0,1685.0
185366.0,1856.0,1685.0
185369.0,1857.0,1686.0
185372.0,1857.0,1686.0
185375.0,1857.0,1686.0
185378.0,1857.0,1686.0
185381.0,1858.0,1686.0
185384.0,1861.0,1689.0
185387.0,1865.0,1692.0
185389.0,1871.0,1697.0
185392.0,1877.0,1702.0
185395.0,1887.0,1711.0
185398.0,1897.0,1719.0
185401.0,1908.0,1728.0
185404.0,1920.0,1738.0
185407.0,1932.0,1748.0
185410.0,1944.0,1758.0
185413.0,1958.0,1770.0
185416.0,1969.0,1779.0
185419.0,1980.0,1788.0
185422.0,1989.0,1795.0
185425.0,1998.0,1803.0
185428.0,2001.0,1805.0
185431.0,2004.0,1808.0
185434.0,2006.0,1810.0
185437.0,2003.0,1807.0
185440.0,2000.0,1805.0
185442.0,1998.0,1803.0
185445.0,1993.0,1799.0
185448.0,1985.0,1792.0
185451.0,1978.0,1786.0
185454.0,1971.0,1780.0
185457.0,1965.0,1775.0
185460.0,1956.0,1768.0
185463.0,1949.0,1762.0
185466.0,1942.0,1756.0
185469.0,1936.0,1751.0
185472.0,1930.0,1746.0
185475.0,1922.0,1740.0
185478.0,1914.0,1733.0
185481.0,1907.0,1727.0
185484.0,1902.0,1723.0
185487.0,1898.0,1720.0
185490.0,1892.0,1715.0
185493.0,1888.0,1711.0
185495.0,1884.0,1708.0
185498.0,1880.0,1705.0
185501.0,1876.0,1701.0
185504.0,1874.0,1700.0
185507.0,1875.0,1701.0
185510.0,1874.0,1700.0
185513.0,1873.0,1699.0
185516.0,1872.0,1698.0
185519.0,1871.0,1697.0
185522.0,1869.0,1696.0
185525.0,1869.0,1696.0
185528.0,1871.0,1697.0
185531.0,1874.0,1700.0
185534.0,1879.0,1704.0
185537.0,1886.0,1710.0
185540.0,1893.0,1716.0
185543.0,1901.0,1722.0
185546.0,1905.0,1726.0
185548.0,1912.0,1731.0
185551.0,1919.0,1737.0
185554.0,1924.0,1741.0
185557.0,1931.0,1747.0
185560.0,1935.0,1751.0
185563.0,1938.0,1753.0
185566.0,1941.0,1755.0
185569.0,1945.0,1759.0
185572.0,1949.0,1762.0
185575.0,1952.0,1765.0
185578.0,1954.0,1766.0
185581.0,1957.0,1769.0
185584.0,1959.0,1770.0
185587.0,1961.0,1772.0
185590.0,1962.0,1773.0
185593.0,1964.0,1775.0
185596.0,1965.0,1775.0
185599.0,1966.0,1776.0
185601.0,1966.0,1776.0
185604.0,1967.0,1777.0
185607.0,1968.0,1778.0
185610.0,1971.0,1780.0
185613.0,1975.0,1784.0
185616.0,1980.0,1788.0
185619.0,1985.0,1792.0
185622.0,1988.0,1795.0
185625.0,1993.0,1799.0
185628.0,1998.0,1803.0
185631.0,2000.0,1805.0
185634.0,2004.0,1808.0
185637.0,2009.0,1812.0
185640.0,2014.0,1816.0
185643.0,2018.0,1819.0
185646.0,2021.0,1822.0
185649.0,2024.0,1824.0
185652.0,2026.0,1826.0
185654.0,2028.0,1828.0
185657.0,2030.0,1829.0
185660.0,2030.0,1829.0
185663.0,2029.0,1829.0
185666.0,2027.0,1827.0
185669.0,2024.0,1824.0
185672.0,2018.0,1819.0
185675.0,2012.0,1815.0
185678.0,2006.0,1810.0
185681.0,2001.0,1805.0
185684.0,1994.0,1800.0
185687.0,1986.0,1793.0
185690.0,1979.0,1787.0
185693.0,1968.0,1778.0
185696.0,1958.0,1770.0
185699.0,1946.0,1760.0
185702.0,1936.0,1751.0
185705.0,1926.0,1743.0
185707.0,1917.0,1736.0
185710.0,1910.0,1730.0
185713.0,1905.0,1726.0
185716.0,1903.0,1724.0
185719.0,1901.0,1722.0
185722.0,1901.0,1722.0
185725.0,1903.0,1724.0
185728.0,1904.0,1725.0
185731.0,1908.0,1728.0
185734.0,1914.0,1733.0
185737.0,1919.0,1737.0
185740.0,1922.0,1740.0
185743.0,1928.0,1745.0
185746.0,1934.0,1750.0
185749.0,1939.0,1754.0
185752.0,1947.0,1760.0
185755.0,1954.0,1766.0
185758.0,1963.0,1774.0
185760.0,1969.0,1779.0
185763.0,1978.0,1786.0
185766.0,1985.0,1792.0
185769.0,1992.0,1798.0
185772.0,2000.0,1805.0
185775.0,2007.0,1810.0
185778.0,2015.0,1817.0
185781.0,2023.0,1824.0
185784.0,2032.0,1831.0
185787.0,2042.0,1839.0
185790.0,2056.0,1851.0
185793.0,2065.0,1859.0
185796.0,2075.0,1867.0
185799.0,2085.0,1875.0
185802.0,2094.0,1883.0
185805.0,2102.0,1889.0
185808.0,2111.0,1897.0
185811.0,2119.0,1903.0
185814.0,2128.0,1911.0
185816.0,2133.0,1915.0
185819.0,2139.0,1920.0
185822.0,2142.0,1923.0
185825.0,2146.0,1926.0
185828.0,2150.0,1929.0
185831.0,2153.0,1932.0
185834.0,2155.0,1933.0
185837.0,2157.0,1935.0
185840.0,2158.0,1936.0
185843.0,2159.0,1937.0
185846.0,2158.0,1936.0
185849.0,2158.0,1936.0
185852.0,2158.0,1936.0
185855.0,2157.0,1935.0
185858.0,2157.0,1935.0
185861.0,2157.0,1935.0
185864.0,2158.0,1936.0
185867.0,2157.0,1935.0
185869.0,2157.0,1935.0
185872.0,2157.0,1935.0
185875.0,2156.0,1934.0
185878.0,2155.0,1933.0
185881.0,2152.0,1931.0
185884.0,2148.0,1928.0
185887.0,2143.0,1923.0
185890.0,2137.0,1918.0
185893.0,2131.0,1913.0
185896.0,2127.0,1910.0
185899.0,2122.0,1906.0
185902.0,2115.0,1900.0
185905.0,2110.0,1896.0
185908.0,2105.0,1892.0
185911.0,2101.0,1888.0
185914.0,2097.0,1885.0
185917.0,2094.0,1883.0
185920.0,2087.0,1877.0
185922.0,2081.0,1872.0
185925.0,2075.0,1867.0
185928.0,2068.0,1861.0
185931.0,2062.0,1856.0
185934.0,2056.0,1851.0
185937.0,2047.0,1844.0
185940.0,2039.0,1837.0
185943.0,2034.0,1833.0
185946.0,2030.0,1829.0
185949.0,2022.0,1823.0
185952.0,2013.0,1815.0
185955.0,2003.0,1807.0
185958.0,1995.0,1800.0
185961.0,1985.0,1792.0
185964.0,1976.0,1785.0
185967.0,1968.0,1778.0
185970.0,1960.0,1771.0
185973.0,1948.0,1761.0
185975.0,1938.0,1753.0
185978.0,1927.0,1744.0
185981.0,1916.0,1735.0
185984.0,1903.0,1724.0
185987.0,1890.0,1713.0
185990.0,1877.0,1702.0
185993.0,1868.0,1695.0
185996.0,1858.0,1686.0
185999.0,1852.0,1682.0
186002.0,1843.0,1674.0
186005.0,1838.0,1670.0
186008.0,1834.0,1667.0
186011.0,1828.0,1662.0
186014.0,1824.0,1658.0
186017.0,1821.0,1656.0
186020.0,1819.0,1654.0
186023.0,1817.0,1652.0
186026.0,1815.0,1651.0
186028.0,1815.0,1651.0
186031.0,1814.0,1650.0
186034.0,1815.0,1651.0
186037.0,1815.0,1651.0
186040.0,1814.0,1650.0
186043.0,1814.0,1650.0
186046.0,1814.0,1650.0
186049.0,1815.0,1651.0
186052.0,1815.0,1651.0
186055.0,1816.0,1652.0
186058.0,1817.0,1652.0
186061.0,1816.0,1652.0
186064.0,1815.0,1651.0
186067.0,1810.0,1647.0
186070.0,1807.0,1644.0
186073.0,1804.0,1642.0
186076.0,1799.0,1637.0
186079.0,1793.0,1632.0
186081.0,1789.0,1629.0
186084.0,1783.0,1624.0
186087.0,1777.0,1619.0
186090.0,1774.0,1617.0
186093.0,1770.0,1613.0
186096.0,1766.0,1610.0
186099.0,1763.0,1608.0
186102.0,1761.0,1606.0
186105.0,1761.0,1606.0
186108.0,1762.0,1607.0
186111.0,1762.0,1607.0
186114.0,1763.0,1608.0
186117.0,1764.0,1608.0
186120.0,1765.0,1609.0
186123.0,1767.0,1611.0
186126.0,1770.0,1613.0
186129.0,1773.0,1616.0
186132.0,1775.0,1618.0
186134.0,1777.0,1619.0
186137.0,1782.0,1623.0
186140.0,1788.0,1628.0
186143.0,1793.0,1632.0
186146.0,1800.0,1638.0
186149.0,1807.0,1644.0
186152.0,1813.0,1649.0
186155.0,1821.0,1656.0
186158.0,1827.0,1661.0
186161.0,1833.0,1666.0
186164.0,1838.0,1670.0
186167.0,1840.0,1672.0
186170.0,1842.0,1673.0
186173.0,1844.0,1675.0
186176.0,1846.0,1677.0
186179.0,1848.0,1678.0
186182.0,1850.0,1680.0
186185.0,1848.0,1678.0
186187.0,1848.0,1678.0
186190.0,1845.0,1676.0
186193.0,1842.0,1673.0
186196.0,1840.0,1672.0
186199.0,1840.0,1672.0
186202.0,1838.0,1670.0
186205.0,1836.0,1668.0
186208.0,1832.0,1665.0
186211.0,1828.0,1662.0
186214.0,1824.0,1658.0
186217.0,1816.0,1652.0
186220.0,1809.0,1646.0
186223.0,1806.0,1643.0
186226.0,1799.0,1637.0
186229.0,1793.0,1632.0
186232.0,1788.0,1628.0
186235.0,1781.0,1622.0
186238.0,1776.0,1618.0
186240.0,1773.0,1616.0
186243.0,1770.0,1613.0
186246.0,1769.0,1613.0
186249.0,1767.0,1611.0
186252.0,1765.0,1609.0
186255.0,1762.0,1607.0
186258.0,1759.0,1604.0
186261.0,1754.0,1600.0
186264.0,1748.0,1595.0
186267.0,1744.0,1592.0
186270.0,1740.0,1588.0
186273.0,1733.0,1583.0
186276.0,1726.0,1577.0
186279.0,1717.0,1569.0
186282.0,1710.0,1563.0
186285.0,1702.0,1557.0
186288.0,1695.0,1551.0
186291.0,1688.0,1545.0
186293.0,1682.0,1540.0
186296.0,1680.0,1539.0
186299.0,1679.0,1538.0
186302.0,1678.0,1537.0
186305.0,1676.0,1535.0
186308.0,1676.0,1535.0
186311.0,1676.0,1535.0
186314.0,1675.0,1534.0
186317.0,1675.0,1534.0
186320.0,1675.0,1534.0
186323.0,1676.0,1535.0
186326.0,1677.0,1536.0
186329.0,1679.0,1538.0
186332.0,1680.0,1539.0
186335.0,1681.0,1539.0
186338.0,1684.0,1542.0
186341.0,1689.0,1546.0
186344.0,1693.0,1549.0
186346.0,1697.0,1553.0
186349.0,1703.0,1558.0
186352.0,1710.0,1563.0
186355.0,1715.0,1568.0
186358.0,1724.0,1575.0
186361.0,1732.0,1582.0
186364.0,1741.0,1589.0
186367.0,1744.0,1592.0
186370.0,1748.0,1595.0
186373.0,1748.0,1595.0
186376.0,1745.0,1593.0
186379.0,1740.0,1588.0
186382.0,1732.0,1582.0
186385.0,1725.0,1576.0
186388.0,1718.0,1570.0
186391.0,1712.0,1565.0
186394.0,1709.0,1563.0
186397.0,1706.0,1560.0
186399.0,1703.0,1558.0
186402.0,1702.0,1557.0
186405.0,1705.0,1559.0
186408.0,1706.0,1560.0
186411.0,1709.0,1563.0
186414.0,1711.0,1564.0
186417.0,1713.0,1566.0
186420.0,1713.0,1566.0
186423.0,1716.0,1568.0
186426.0,1717.0,1569.0
186429.0,1717.0,1569.0
186432.0,1715.0,1568.0
186435.0,1712.0,1565.0
186438.0,1711.0,1564.0
186441.0,1708.0,1562.0
186444.0,1705.0,1559.0
186447.0,1705.0,1559.0
186450.0,1706.0,1560.0
186452.0,1707.0,1561.0
186455.0,1710.0,1563.0
186458.0,1714.0,1567.0
186461.0,1723.0,1574.0
186464.0,1730.0,1580.0
186467.0,1740.0,1588.0
186470.0,1745.0,1593.0
186473.0,1751.0,1598.0
186476.0,1757.0,1603.0
186479.0,1761.0,1606.0
186482.0,1765.0,1609.0
186485.0,1768.0,1612.0
186488.0,1771.0,1614.0
186491.0,1775.0,1618.0
186494.0,1776.0,1618.0
186497.0,1776.0,1618.0
186500.0,1776.0,1618.0
186503.0,1777.0,1619.0
186505.0,1777.0,1619.0
186508.0,1778.0,1620.0
186511.0,1780.0,1622.0
186514.0,1784.0,1625.0
186517.0,1789.0,1629.0
186520.0,1793.0,1632.0
186523.0,1801.0,1639.0
186526.0,1807.0,1644.0
186529.0,1810.0,1647.0
186532.0,1814.0,1650.0
186535.0,1817.0,1652.0
186538.0,1817.0,1652.0
186541.0,1815.0,1651.0
186544.0,1812.0,1648.0
186547.0,1809.0,1646.0
186550.0,1806.0,1643.0
186553.0,1798.0,1637.0
186556.0,1790.0,1630.0
186558.0,1781.0,1622.0
186561.0,1775.0,1618.0
186564.0,1769.0,1613.0
186567.0,1762.0,1607.0
186570.0,1757.0,1603.0
186573.0,1753.0,1599.0
186576.0,1750.0,1597.0
186579.0,1747.0,1594.0
186582.0,1746.0,1593.0
186585.0,1747.0,1594.0
186588.0,1749.0,1596.0
186591.0,1753.0,1599.0
186594.0,1757.0,1603.0
186597.0,1761.0,1606.0
186600.0,1764.0,1608.0
186603.0,1766.0,1610.0
186606.0,1769.0,1613.0
186609.0,1771.0,1614.0
186611.0,1770.0,1613.0
186614.0,1769.0,1613.0
186617.0,1766.0,1610.0
186620.0,1762.0,1607.0
186623.0,1755.0,1601.0
186626.0,1749.0,1596.0
186629.0,1745.0,1593.0
186632.0,1742.0,1590.0
186635.0,1737.0,1586.0
186638.0,1734.0,1583.0
186641.0,1732.0,1582.0
186644.0,1730.0,1580.0
186647.0,1728.0,1578.0
186650.0,1726.0,1577.0
186653.0,1722.0,1573.0
186656.0,1716.0,1568.0
186659.0,1711.0,1564.0
186661.0,1704.0,1558.0
186664.0,1697.0,1553.0
186667.0,1691.0,1548.0
186670.0,1685.0,1543.0
186673.0,1680.0,1539.0
186676.0,1677.0,1536.0
186679.0,1671.0,1531.0
186682.0,1666.0,1527.0
186685.0,1664.0,1525.0
186688.0,1664.0,1525.0
186691.0,1665.0,1526.0
186694.0,1667.0,1528.0
186697.0,1671.0,1531.0
186700.0,1677.0,1536.0
186703.0,1683.0,1541.0
186706.0,1691.0,1548.0
186709.0,1701.0,1556.0
186712.0,1711.0,1564.0
186714.0,1718.0,1570.0
186717.0,1727.0,1578.0
186720.0,1736.0,1585.0
186723.0,1744.0,1592.0
186726.0,1753.0,1599.0
186729.0,1761.0,1606.0
186732.0,1770.0,1613.0
186735.0,1777.0,1619.0
186738.0,1784.0,1625.0
186741.0,1792.0,1632.0
186744.0,1799.0,1637.0
186747.0,1807.0,1644.0
186750.0,1816.0,1652.0
186753.0,1826.0,1660.0
186756.0,1836.0,1668.0
186759.0,1844.0,1675.0
186762.0,1854.0,1683.0
186765.0,1862.0,1690.0
186767.0,1869.0,1696.0
186770.0,1872.0,1698.0
186773.0,1873.0,1699.0
186776.0,1874.0,1700.0
186779.0,1873.0,1699.0
186782.0,1871.0,1697.0
186785.0,1866.0,1693.0
186788.0,1858.0,1686.0
186791.0,1850.0,1680.0
186794.0,1839.0,1671.0
186797.0,1827.0,1661.0
186800.0,1815.0,1651.0
186803.0,1805.0,1642.0
186806.0,1794.0,1633.0
186809.0,1784.0,1625.0
186812.0,1775.0,1618.0
186815.0,1764.0,1608.0
186818.0,1752.0,1598.0
186820.0,1743.0,1591.0
186823.0,1732.0,1582.0
186826.0,1723.0,1574.0
186829.0,1714.0,1567.0
186832.0,1709.0,1563.0
186835.0,1701.0,1556.0
186838.0,1696.0,1552.0
186841.0,1693.0,1549.0
186844.0,1691.0,1548.0
186847.0,1690.0,1547.0
186850.0,1691.0,1548.0
186853.0,1693.0,1549.0
186856.0,1695.0,1551.0
186859.0,1698.0,1553.0
186862.0,1702.0,1557.0
186865.0,1706.0,1560.0
186868.0,1709.0,1563.0
186871.0,1713.0,1566.0
186873.0,1717.0,1569.0
186876.0,1722.0,1573.0
186879.0,1724.0,1575.0
186882.0,1725.0,1576.0
186885.0,1727.0,1578.0
186888.0,1728.0,1578.0
186891.0,1729.0,1579.0
186894.0,1733.0,1583.0
186897.0,1736.0,1585.0
186900.0,1741.0,1589.0
186903.0,1745.0,1593.0
186906.0,1753.0,1599.0
186909.0,1763.0,1608.0
186912.0,1773.0,1616.0
186915.0,1785.0,1626.0
186918.0,1796.0,1635.0
186921.0,1809.0,1646.0
186923.0,1822.0,1657.0
186926.0,1834.0,1667.0
186929.0,1842.0,1673.0
186932.0,1849.0,1679.0
186935.0,1852.0,1682.0
186938.0,1854.0,1683.0
186941.0,1854.0,1683.0
186944.0,1852.0,1682.0
186947.0,1850.0,1680.0
186950.0,1847.0,1677.0
186953.0,1843.0,1674.0
186956.0,1840.0,1672.0
186959.0,1837.0,1669.0
186962.0,1835.0,1667.0
186965.0,1832.0,1665.0
186968.0,1831.0,1664.0
186971.0,1830.0,1663.0
186974.0,1829.0,1662.0
186976.0,1827.0,1661.0
186979.0,1825.0,1659.0
186982.0,1823.0,1657.0
186985.0,1818.0,1653.0
186988.0,1814.0,1650.0
186991.0,1810.0,1647.0
186994.0,1807.0,1644.0
186997.0,1800.0,1638.0
187000.0,1794.0,1633.0
187003.0,1787.0,1627.0
187006.0,1777.0,1619.0
187009.0,1768.0,1612.0
187012.0,1757.0,1603.0
187015.0,1746.0,1593.0
187018.0,1736.0,1585.0
187021.0,1726.0,1577.0
187024.0,1716.0,1568.0
187027.0,1708.0,1562.0
187030.0,1697.0,1553.0
187032.0,1688.0,1545.0
187035.0,1681.0,1539.0
187038.0,1679.0,1538.0
187041.0,1677.0,1536.0
187044.0,1675.0,1534.0
187047.0,1673.0,1533.0
187050.0,1672.0,1532.0
187053.0,1672.0,1532.0
187056.0,1673.0,1533.0
187059.0,1673.0,1533.0
187062.0,1675.0,1534.0
187065.0,1677.0,1536.0
187068.0,1680.0,1539.0
187071.0,1681.0,1539.0
187074.0,1684.0,1542.0
187077.0,1689.0,1546.0
187080.0,1695.0,1551.0
187083.0,1701.0,1556.0
187085.0,1708.0,1562.0
187088.0,1713.0,1566.0
187091.0,1716.0,1568.0
187094.0,1720.0,1572.0
187097.0,1720.0,1572.0
187100.0,1719.0,1571.0
187103.0,1716.0,1568.0
187106.0,1713.0,1566.0
187109.0,1711.0,1564.0
187112.0,1709.0,1563.0
187115.0,1704.0,1558.0
187118.0,1698.0,1553.0
187121.0,1694.0,1550.0
187124.0,1688.0,1545.0
187127.0,1683.0,1541.0
187130.0,1680.0,1539.0
187133.0,1676.0,1535.0
187136.0,1670.0,1530.0
187138.0,1665.0,1526.0
187141.0,1662.0,1524.0
187144.0,1657.0,1519.0
187147.0,1654.0,1517.0
187150.0,1651.0,1514.0
187153.0,1650.0,1514.0
187156.0,1649.0,1513.0
187159.0,1649.0,1513.0
187162.0,1651.0,1514.0
187165.0,1654.0,1517.0
187168.0,1659.0,1521.0
187171.0,1665.0,1526.0
187174.0,1669.0,1529.0
187177.0,1676.0,1535.0
187180.0,1681.0,1539.0
187183.0,1689.0,1546.0
187186.0,1699.0,1554.0
187189.0,1708.0,1562.0
187191.0,1713.0,1566.0
187194.0,1720.0,1572.0
187197.0,1722.0,1573.0
187200.0,1723.0,1574.0
187203.0,1722.0,1573.0
187206.0,1722.0,1573.0
187209.0,1720.0,1572.0
187212.0,1717.0,1569.0
187215.0,1718.0,1570.0
187218.0,1719.0,1571.0
187221.0,1722.0,1573.0
187224.0,1727.0,1578.0
187227.0,1733.0,1583.0
187230.0,1739.0,1588.0
187233.0,1744.0,1592.0
187236.0,1751.0,1598.0
187239.0,1760.0,1605.0
187242.0,1769.0,1613.0
187244.0,1777.0,1619.0
187247.0,1787.0,1627.0
187250.0,1797.0,1636.0
187253.0,1807.0,1644.0
187256.0,1815.0,1651.0
187259.0,1826.0,1660.0
187262.0,1836.0,1668.0
187265.0,1842.0,1673.0
187268.0,1850.0,1680.0
187271.0,1854.0,1683.0
187274.0,1856.0,1685.0
187277.0,1857.0,1686.0
187280.0,1857.0,1686.0
187283.0,1858.0,1686.0
187286.0,1861.0,1689.0
187289.0,1865.0,1692.0
187292.0,1870.0,1696.0
187295.0,1873.0,1699.0
187298.0,1878.0,1703.0
187300.0,1883.0,1707.0
187303.0,1887.0,1711.0
187306.0,1889.0,1712.0
187309.0,1892.0,1715.0
187312.0,1894.0,1716.0
187315.0,1894.0,1716.0
187318.0,1892.0,1715.0
187321.0,1889.0,1712.0
187324.0,1887.0,1711.0
187327.0,1884.0,1708.0
187330.0,1880.0,1705.0
187333.0,1877.0,1702.0
187336.0,1874.0,1700.0
187339.0,1872.0,1698.0
187342.0,1871.0,1697.0
187345.0,1870.0,1696.0
187348.0,1867.0,1694.0
187351.0,1864.0,1691.0
187353.0,1862.0,1690.0
187356.0,1859.0,1687.0
187359.0,1858.0,1686.0
187362.0,1857.0,1686.0
187365.0,1857.0,1686.0
187368.0,1857.0,1686.0
187371.0,1857.0,1686.0
187374.0,1855.0,1684.0
187377.0,1854.0,1683.0
187380.0,1851.0,1681.0
187383.0,1849.0,1679.0
187386.0,1846.0,1677.0
187389.0,1844.0,1675.0
187392.0,1842.0,1673.0
187395.0,1840.0,1672.0
187398.0,1838.0,1670.0
187401.0,1832.0,1665.0
187404.0,1826.0,1660.0
187406.0,1821.0,1656.0
187409.0,1817.0,1652.0
187412.0,1813.0,1649.0
187415.0,1812.0,1648.0
187418.0,1812.0,1648.0
187421.0,1810.0,1647.0
187424.0,1807.0,1644.0
187427.0,1802.0,1640.0
187430.0,1793.0,1632.0
187433.0,1783.0,1624.0
187436.0,1772.0,1615.0
187439.0,1761.0,1606.0
187442.0,1751.0,1598.0
187445.0,1745.0,1593.0
187448.0,1743.0,1591.0
187451.0,1744.0,1592.0
187454.0,1743.0,1591.0
187457.0,1741.0,1589.0
187459.0,1735.0,1584.0
187462.0,1726.0,1577.0
187465.0,1716.0,1568.0
187468.0,1704.0,1558.0
187471.0,1691.0,1548.0
187474.0,1679.0,1538.0
187477.0,1667.0,1528.0
187480.0,1654.0,1517.0
187483.0,1645.0,1509.0
187486.0,1634.0,1500.0
187489.0,1624.0,1492.0
187492.0,1617.0,1486.0
187495.0,1613.0,1483.0
187498.0,1605.0,1476.0
187501.0,1600.0,1472.0
187504.0,1594.0,1467.0
187507.0,1587.0,1461.0
187510.0,1584.0,1459.0
187512.0,1583.0,1458.0
187515.0,1584.0,1459.0
187518.0,1587.0,1461.0
187521.0,1596.0,1469.0
187524.0,1606.0,1477.0
187527.0,1618.0,1487.0
187530.0,1634.0,1500.0
187533.0,1650.0,1514.0
187536.0,1667.0,1528.0
187539.0,1683.0,1541.0
187542.0,1700.0,1555.0
187545.0,1714.0,1567.0
187548.0,1726.0,1577.0
187551.0,1735.0,1584.0
187554.0,1742.0,1590.0
187557.0,1746.0,1593.0
187560.0,1748.0,1595.0
187563.0,1749.0,1596.0
187565.0,1749.0,1596.0
187568.0,1747.0,1594.0
187571.0,1746.0,1593.0
187574.0,1745.0,1593.0
187577.0,1744.0,1592.0
187580.0,1743.0,1591.0
187583.0,1740.0,1588.0
187586.0,1737.0,1586.0
187589.0,1734.0,1583.0
187592.0,1731.0,1581.0
187595.0,1729.0,1579.0
187598.0,1728.0,1578.0
187601.0,1729.0,1579.0
187604.0,1731.0,1581.0
187607.0,1732.0,1582.0
187610.0,1733.0,1583.0
187613.0,1736.0,1585.0
187616.0,1737.0,1586.0
187618.0,1739.0,1588.0
187621.0,1742.0,1590.0
187624.0,1743.0,1591.0
187627.0,1744.0,1592.0
187630.0,1746.0,1593.0
187633.0,1748.0,1595.0
187636.0,1750.0,1597.0
187639.0,1752.0,1598.0
187642.0,1756.0,1602.0
187645.0,1759.0,1604.0
187648.0,1762.0,1607.0
187651.0,1765.0,1609.0
187654.0,1769.0,1613.0
187657.0,1773.0,1616.0
187660.0,1775.0,1618.0
187663.0,1777.0,1619.0
187666.0,1783.0,1624.0
187668.0,1789.0,1629.0
187671.0,1795.0,1634.0
187674.0,1802.0,1640.0
187677.0,1808.0,1645.0
187680.0,1815.0,1651.0
187683.0,1823.0,1657.0
187686.0,1827.0,1661.0
187689.0,1829.0,1662.0
187692.0,1828.0,1662.0
187695.0,1827.0,1661.0
187698.0,1823.0,1657.0
187701.0,1820.0,1655.0
187704.0,1815.0,1651.0
187707.0,1808.0,1645.0
187710.0,1804.0,1642.0
187713.0,1795.0,1634.0
187716.0,1786.0,1627.0
187719.0,1778.0,1620.0
187722.0,1769.0,1613.0
187724.0,1759.0,1604.0
187727.0,1749.0,1596.0
187730.0,1742.0,1590.0
187733.0,1732.0,1582.0
187736.0,1726.0,1577.0
187739.0,1718.0,1570.0
187742.0,1713.0,1566.0
187745.0,1711.0,1564.0
187748.0,1711.0,1564.0
187751.0,1713.0,1566.0
187754.0,1719.0,1571.0
187757.0,1725.0,1576.0
187760.0,1731.0,1581.0
187763.0,1740.0,1588.0
187766.0,1747.0,1594.0
187769.0,1760.0,1605.0
187772.0,1773.0,1616.0
187775.0,1784.0,1625.0
187777.0,1793.0,1632.0
187780.0,1805.0,1642.0
187783.0,1814.0,1650.0
187786.0,1825.0,1659.0
187789.0,1836.0,1668.0
187792.0,1845.0,1676.0
187795.0,1856.0,1685.0
187798.0,1867.0,1694.0
187801.0,1877.0,1702.0
187804.0,1888.0,1711.0
187807.0,1898.0,1720.0
187810.0,1905.0,1726.0
187813.0,1914.0,1733.0
187816.0,1920.0,1738.0
187819.0,1922.0,1740.0
187822.0,1924.0,1741.0
187825.0,1923.0,1741.0
187828.0,1920.0,1738.0
187830.0,1916.0,1735.0
187833.0,1910.0,1730.0
187836.0,1904.0,1725.0
187839.0,1898.0,1720.0
187842.0,1889.0,1712.0
187845.0,1880.0,1705.0
187848.0,1872.0,1698.0
187851.0,1866.0,1693.0
187854.0,1859.0,1687.0
187857.0,1854.0,1683.0
187860.0,1849.0,1679.0
187863.0,1845.0,1676.0
187866.0,1843.0,1674.0
187869.0,1842.0,1673.0
187872.0,1840.0,1672.0
187875.0,1839.0,1671.0
187878.0,1838.0,1670.0
187881.0,1837.0,1669.0
187883.0,1834.0,1667.0
187886.0,1832.0,1665.0
187889.0,1831.0,1664.0
187892.0,1831.0,1664.0
187895.0,1832.0,1665.0
187898.0,1834.0,1667.0
187901.0,1838.0,1670.0
187904.0,1841.0,1672.0
187907.0,1847.0,1677.0
187910.0,1856.0,1685.0
187913.0,1865.0,1692.0
187916.0,1874.0,1700.0
187919.0,1888.0,1711.0
187922.0,1905.0,1726.0
187925.0,1922.0,1740.0
187928.0,1940.0,1755.0
187931.0,1962.0,1773.0
187934.0,1983.0,1790.0
187936.0,2005.0,1809.0
187939.0,2029.0,1829.0
187942.0,2058.0,1853.0
187945.0,2084.0,1874.0
187948.0,2107.0,1893.0
187951.0,2129.0,1912.0
187954.0,2151.0,1930.0
187957.0,2169.0,1945.0
187960.0,2184.0,1957.0
187963.0,2194.0,1966.0
187966.0,2203.0,1973.0
187969.0,2206.0,1976.0
187972.0,2205.0,1975.0
187975.0,2199.0,1970.0
187978.0,2188.0,1961.0
187981.0,2174.0,1949.0
187984.0,2159.0,1937.0
187987.0,2140.0,1921.0
187989.0,2120.0,1904.0
187992.0,2099.0,1887.0
187995.0,2077.0,1869.0
187998.0,2054.0,1849.0
188001.0,2030.0,1829.0
188004.0,2011.0,1814.0
188007.0,1995.0,1800.0
188010.0,1978.0,1786.0
188013.0,1964.0,1775.0
188016.0,1949.0,1762.0
188019.0,1934.0,1750.0
188022.0,1922.0,1740.0
188025.0,1910.0,1730.0
188028.0,1902.0,1723.0
188031.0,1892.0,1715.0
188034.0,1883.0,1707.0
188037.0,1874.0,1700.0
188040.0,1864.0,1691.0
188042.0,1853.0,1682.0
188045.0,1840.0,1672.0
188048.0,1828.0,1662.0
188051.0,1810.0,1647.0
188054.0,1794.0,1633.0
188057.0,1778.0,1620.0
188060.0,1766.0,1610.0
188063.0,1755.0,1601.0
188066.0,1751.0,1598.0
188069.0,1753.0,1599.0
188072.0,1761.0,1606.0
188075.0,1774.0,1617.0
188078.0,1788.0,1628.0
188081.0,1807.0,1644.0
188084.0,1828.0,1662.0
188087.0,1847.0,1677.0
188090.0,1866.0,1693.0
188093.0,1883.0,1707.0
188096.0,1897.0,1719.0
188098.0,1905.0,1726.0
188101.0,1907.0,1727.0
188104.0,1903.0,1724.0
188107.0,1890.0,1713.0
188110.0,1868.0,1695.0
188113.0,1841.0,1672.0
188116.0,1808.0,1645.0
188119.0,1775.0,1618.0
188122.0,1742.0,1590.0
188125.0,1717.0,1569.0
188128.0,1697.0,1553.0
188131.0,1682.0,1540.0
188134.0,1680.0,1539.0
188137.0,1682.0,1540.0
188140.0,1694.0,1550.0
188143.0,1714.0,1567.0
188146.0,1737.0,1586.0
188149.0,1765.0,1609.0
188151.0,1795.0,1634.0
188154.0,1827.0,1661.0
188157.0,1858.0,1686.0
188160.0,1889.0,1712.0
188163.0,1918.0,1736.0
188166.0,1943.0,1757.0
188169.0,1964.0,1775.0
188172.0,1978.0,1786.0
188175.0,1987.0,1794.0
188178.0,1994.0,1800.0
188181.0,1996.0,1801.0
188184.0,1996.0,1801.0
188187.0,1995.0,1800.0
188190.0,1995.0,1800.0
188193.0,1996.0,1801.0
188196.0,1997.0,1802.0
188199.0,1998.0,1803.0
188202.0,1999.0,1804.0
188204.0,2000.0,1805.0
188207.0,2000.0,1805.0
188210.0,2000.0,1805.0
188213.0,1998.0,1803.0
188216.0,1992.0,1798.0
188219.0,1983.0,1790.0
188222.0,1970.0,1780.0
188225.0,1956.0,1768.0
188228.0,1938.0,1753.0
188231.0,1922.0,1740.0
188234.0,1907.0,1727.0
188237.0,1893.0,1716.0
188240.0,1881.0,1706.0
188243.0,1873.0,1699.0
188246.0,1872.0,1698.0
188249.0,1873.0,1699.0
188252.0,1881.0,1706.0
188255.0,1893.0,1716.0
188257.0,1908.0,1728.0
188260.0,1925.0,1742.0
188263.0,1943.0,1757.0
188266.0,1962.0,1773.0
188269.0,1977.0,1785.0
188272.0,1992.0,1798.0
188275.0,2003.0,1807.0
188278.0,2012.0,1815.0
188281.0,2020.0,1821.0
188284.0,2026.0,1826.0
188287.0,2028.0,1828.0
188290.0,2029.0,1829.0
188293.0,2029.0,1829.0
188296.0,2028.0,1828.0
188299.0,2028.0,1828.0
188302.0,2027.0,1827.0
188305.0,2028.0,1828.0
188308.0,2028.0,1828.0
188310.0,2029.0,1829.0
188313.0,2031.0,1830.0
188316.0,2032.0,1831.0
188319.0,2031.0,1830.0
188322.0,2031.0,1830.0
188325.0,2030.0,1829.0
188328.0,2030.0,1829.0
188331.0,2029.0,1829.0
188334.0,2027.0,1827.0
188337.0,2025.0,1825.0
188340.0,2023.0,1824.0
188343.0,2020.0,1821.0
188346.0,2018.0,1819.0
188349.0,2016.0,1818.0
188352.0,2011.0,1814.0
188355.0,2003.0,1807.0
188358.0,1998.0,1803.0
188361.0,1989.0,1795.0
188363.0,1980.0,1788.0
188366.0,1970.0,1780.0
188369.0,1961.0,1772.0
188372.0,1946.0,1760.0
188375.0,1933.0,1749.0
188378.0,1920.0,1738.0
188381.0,1906.0,1726.0
188384.0,1892.0,1715.0
188387.0,1879.0,1704.0
188390.0,1871.0,1697.0
188393.0,1864.0,1691.0
188396.0,1859.0,1687.0
188399.0,1858.0,1686.0
188402.0,1859.0,1687.0
188405.0,1864.0,1691.0
188408.0,1870.0,1696.0
188411.0,1878.0,1703.0
188414.0,1890.0,1713.0
188417.0,1902.0,1723.0
188419.0,1917.0,1736.0
188422.0,1935.0,1751.0
188425.0,1956.0,1768.0
188428.0,1977.0,1785.0
188431.0,1998.0,1803.0
188434.0,2021.0,1822.0
188437.0,2042.0,1839.0
188440.0,2067.0,1860.0
188443.0,2090.0,1879.0
188446.0,2111.0,1897.0
188449.0,2131.0,1913.0
188452.0,2152.0,1931.0
188455.0,2172.0,1948.0
188458.0,2191.0,1963.0
188461.0,2209.0,1978.0
188464.0,2226.0,1992.0
188467.0,2243.0,2007.0
188470.0,2257.0,2018.0
188472.0,2270.0,2029.0
188475.0,2282.0,2039.0
188478.0,2291.0,2046.0
188481.0,2301.0,2055.0
188484.0,2310.0,2062.0
188487.0,2318.0,2069.0
188490.0,2323.0,2073.0
188493.0,2332.0,2081.0
188496.0,2339.0,2086.0
188499.0,2346.0,2092.0
188502.0,2350.0,2095.0
188505.0,2354.0,2099.0
188508.0,2359.0,2103.0
188511.0,2365.0,2108.0
188514.0,2368.0,2110.0
188517.0,2370.0,2112.0
188520.0,2373.0,2115.0
188523.0,2375.0,2116.0
188525.0,2376.0,2117.0
188528.0,2378.0,2119.0
188531.0,2379.0,2120.0
188534.0,2378.0,2119.0
188537.0,2376.0,2117.0
188540.0,2371.0,2113.0
188543.0,2367.0,2110.0
188546.0,2360.0,2104.0
188549.0,2353.0,2098.0
188552.0,2347.0,2093.0
188555.0,2338.0,2086.0
188558.0,2331.0,2080.0
188561.0,2324.0,2074.0
188564.0,2320.0,2071.0
188567.0,2318.0,2069.0
188570.0,2313.0,2065.0
188573.0,2307.0,2060.0
188576.0,2300.0,2054.0
188578.0,2290.0,2046.0
188581.0,2282.0,2039.0
188584.0,2272.0,2031.0
188587.0,2262.0,2022.0
188590.0,2254.0,2016.0
188593.0,2244.0,2007.0
188596.0,2235.0,2000.0
188599.0,2224.0,1991.0
188602.0,2213.0,1982.0
188605.0,2201.0,1972.0
188608.0,2188.0,1961.0
188611.0,2175.0,1950.0
188614.0,2161.0,1938.0
188617.0,2148.0,1928.0
188620.0,2132.0,1914.0
188623.0,2122.0,1906.0
188626.0,2110.0,1896.0
188629.0,2098.0,1886.0
188631.0,2088.0,1878.0
188634.0,2074.0,1866.0
188637.0,2062.0,1856.0
188640.0,2045.0,1842.0
188643.0,2030.0,1829.0
188646.0,2017.0,1819.0
188649.0,2003.0,1807.0
188652.0,1991.0,1797.0
188655.0,1977.0,1785.0
188658.0,1965.0,1775.0
188661.0,1950.0,1763.0
188664.0,1936.0,1751.0
188667.0,1925.0,1742.0
188670.0,1916.0,1735.0
188673.0,1906.0,1726.0
188676.0,1901.0,1722.0
188679.0,1894.0,1716.0
188682.0,1889.0,1712.0
188685.0,1884.0,1708.0
188687.0,1878.0,1703.0
188690.0,1874.0,1700.0
188693.0,1871.0,1697.0
188696.0,1865.0,1692.0
188699.0,1859.0,1687.0
188702.0,1856.0,1685.0
188705.0,1854.0,1683.0
188708.0,1854.0,1683.0
188711.0,1853.0,1682.0
188714.0,1851.0,1681.0
188717.0,1847.0,1677.0
188720.0,1844.0,1675.0
188723.0,1842.0,1673.0
188726.0,1840.0,1672.0
188729.0,1839.0,1671.0
188732.0,1838.0,1670.0
188735.0,1835.0,1667.0
188738.0,1830.0,1663.0
188740.0,1826.0,1660.0
188743.0,1822.0,1657.0
188746.0,1817.0,1652.0
188749.0,1813.0,1649.0
188752.0,1811.0,1647.0
188755.0,1809.0,1646.0
188758.0,1809.0,1646.0
188761.0,1809.0,1646.0
188764.0,1811.0,1647.0
188767.0,1813.0,1649.0
188770.0,1816.0,1652.0
188773.0,1819.0,1654.0
188776.0,1823.0,1657.0
188779.0,1825.0,1659.0
188782.0,1829.0,1662.0
188785.0,1835.0,1667.0
188788.0,1840.0,1672.0
188791.0,1846.0,1677.0
188793.0,1853.0,1682.0
188796.0,1859.0,1687.0
188799.0,1868.0,1695.0
188802.0,1876.0,1701.0
188805.0,1889.0,1712.0
188808.0,1902.0,1723.0
188811.0,1913.0,1732.0
188814.0,1925.0,1742.0
188817.0,1936.0,1751.0
188820.0,1944.0,1758.0
188823.0,1952.0,1765.0
188826.0,1957.0,1769.0
188829.0,1961.0,1772.0
188832.0,1959.0,1770.0
188835.0,1954.0,1766.0
188838.0,1950.0,1763.0
188841.0,1946.0,1760.0
188844.0,1939.0,1754.0
188846.0,1935.0,1751.0
188849.0,1928.0,1745.0
188852.0,1919.0,1737.0
188855.0,1908.0,1728.0
188858.0,1902.0,1723.0
188861.0,1894.0,1716.0
188864.0,1883.0,1707.0
188867.0,1875.0,1701.0
188870.0,1871.0,1697.0
188873.0,1870.0,1696.0
188876.0,1870.0,1696.0
188879.0,1873.0,1699.0
188882.0,1880.0,1705.0
188885.0,1887.0,1711.0
188888.0,1896.0,1718.0
188891.0,1904.0,1725.0
188894.0,1912.0,1731.0
188897.0,1922.0,1740.0
188899.0,1931.0,1747.0
188902.0,1937.0,1752.0
188905.0,1943.0,1757.0
188908.0,1950.0,1763.0
188911.0,1956.0,1768.0
188914.0,1962.0,1773.0
188917.0,1966.0,1776.0
188920.0,1967.0,1777.0
188923.0,1970.0,1780.0
188926.0,1976.0,1785.0
188929.0,1981.0,1789.0
188932.0,1985.0,1792.0
188935.0,1989.0,1795.0
188938.0,1994.0,1800.0
188941.0,1998.0,1803.0
188944.0,2000.0,1805.0
188947.0,2002.0,1806.0
188950.0,2003.0,1807.0
188952.0,2004.0,1808.0
188955.0,2003.0,1807.0
188958.0,2003.0,1807.0
188961.0,2003.0,1807.0
188964.0,2005.0,1809.0
188967.0,2007.0,1810.0
188970.0,2008.0,1811.0
188973.0,2010.0,1813.0
188976.0,2011.0,1814.0
188979.0,2011.0,1814.0
188982.0,2012.0,1815.0
188985.0,2012.0,1815.0
188988.0,2010.0,1813.0
188991.0,2005.0,1809.0
188994.0,1999.0,1804.0
188997.0,1991.0,1797.0
189000.0,1985.0,1792.0
189003.0,1977.0,1785.0
189006.0,1967.0,1777.0
189008.0,1956.0,1768.0
189011.0,1942.0,1756.0
189014.0,1929.0,1746.0
189017.0,1913.0,1732.0
189020.0,1900.0,1721.0
189023.0,1883.0,1707.0
189026.0,1869.0,1696.0
189029.0,1858.0,1686.0
189032.0,1849.0,1679.0
189035.0,1841.0,1672.0
189038.0,1837.0,1669.0
189041.0,1836.0,1668.0
189044.0,1839.0,1671.0
189047.0,1845.0,1676.0
189050.0,1856.0,1685.0
189053.0,1869.0,1696.0
189056.0,1883.0,1707.0
189059.0,1901.0,1722.0
189061.0,1918.0,1736.0
189064.0,1935.0,1751.0
189067.0,1952.0,1765.0
189070.0,1967.0,1777.0
189073.0,1980.0,1788.0
189076.0,1991.0,1797.0
189079.0,1999.0,1804.0
189082.0,2004.0,1808.0
189085.0,2007.0,1810.0
189088.0,2008.0,1811.0
189091.0,2008.0,1811.0
189094.0,2008.0,1811.0
189097.0,2005.0,1809.0
189100.0,2000.0,1805.0
189103.0,1994.0,1800.0
189106.0,1985.0,1792.0
189109.0,1975.0,1784.0
189111.0,1964.0,1775.0
189114.0,1954.0,1766.0
189117.0,1943.0,1757.0
189120.0,1933.0,1749.0
189123.0,1923.0,1741.0
189126.0,1911.0,1731.0
189129.0,1902.0,1723.0
189132.0,1894.0,1716.0
189135.0,1889.0,1712.0
189138.0,1887.0,1711.0
189141.0,1888.0,1711.0
189144.0,1892.0,1715.0
189147.0,1898.0,1720.0
189150.0,1903.0,1724.0
189153.0,1906.0,1726.0
189156.0,1911.0,1731.0
189159.0,1915.0,1734.0
189162.0,1918.0,1736.0
189165.0,1922.0,1740.0
189167.0,1929.0,1746.0
189170.0,1935.0,1751.0
189173.0,1939.0,1754.0
189176.0,1944.0,1758.0
189179.0,1948.0,1761.0
189182.0,1951.0,1764.0
189185.0,1953.0,1765.0
189188.0,1954.0,1766.0
189191.0,1955.0,1767.0
189194.0,1953.0,1765.0
189197.0,1947.0,1760.0
189200.0,1939.0,1754.0
189203.0,1932.0,1748.0
189206.0,1921.0,1739.0
189209.0,1909.0,1729.0
189212.0,1900.0,1721.0
189215.0,1889.0,1712.0
189218.0,1880.0,1705.0
189220.0,1874.0,1700.0
189223.0,1875.0,1701.0
189226.0,1876.0,1701.0
189229.0,1879.0,1704.0
189232.0,1885.0,1709.0
189235.0,1890.0,1713.0
189238.0,1896.0,1718.0
189241.0,1900.0,1721.0
189244.0,1903.0,1724.0
189247.0,1905.0,1726.0
189250.0,1908.0,1728.0
189253.0,1913.0,1732.0
189256.0,1918.0,1736.0
189259.0,1923.0,1741.0
189262.0,1932.0,1748.0
189265.0,1941.0,1755.0
189268.0,1954.0,1766.0
189271.0,1966.0,1776.0
189273.0,1977.0,1785.0
189276.0,1989.0,1795.0
189279.0,2000.0,1805.0
189282.0,2010.0,1813.0
189285.0,2018.0,1819.0
189288.0,2023.0,1824.0
189291.0,2025.0,1825.0
189294.0,2023.0,1824.0
189297.0,2020.0,1821.0
189300.0,2015.0,1817.0
189303.0,2008.0,1811.0
189306.0,2001.0,1805.0
189309.0,1998.0,1803.0
189312.0,1991.0,1797.0
189315.0,1986.0,1793.0
189318.0,1984.0,1791.0
189321.0,1982.0,1790.0
189324.0,1983.0,1790.0
189326.0,1989.0,1795.0
189329.0,1999.0,1804.0
189332.0,2010.0,1813.0
189335.0,2022.0,1823.0
189338.0,2032.0,1831.0
189341.0,2041.0,1839.0
189344.0,2045.0,1842.0
189347.0,2046.0,1843.0
189350.0,2042.0,1839.0
189353.0,2035.0,1834.0
189356.0,2028.0,1828.0
189359.0,2018.0,1819.0
189362.0,2010.0,1813.0
189365.0,2005.0,1809.0
189368.0,2003.0,1807.0
189371.0,2005.0,1809.0
189374.0,2012.0,1815.0
189377.0,2017.0,1819.0
189380.0,2024.0,1824.0
189382.0,2032.0,1831.0
189385.0,2041.0,1839.0
189388.0,2055.0,1850.0
189391.0,2067.0,1860.0
189394.0,2080.0,1871.0
189397.0,2092.0,1881.0
189400.0,2098.0,1886.0
189403.0,2105.0,1892.0
189406.0,2108.0,1894.0
189409.0,2106.0,1893.0
189412.0,2102.0,1889.0
189415.0,2098.0,1886.0
189418.0,2096.0,1884.0
189421.0,2092.0,1881.0
189424.0,2089.0,1879.0
189427.0,2085.0,1875.0
189430.0,2082.0,1873.0
189433.0,2080.0,1871.0
189435.0,2081.0,1872.0
189438.0,2082.0,1873.0
189441.0,2084.0,1874.0
189444.0,2086.0,1876.0
189447.0,2088.0,1878.0
189450.0,2087.0,1877.0
189453.0,2084.0,1874.0
189456.0,2079.0,1870.0
189459.0,2070.0,1863.0
189462.0,2059.0,1854.0
189465.0,2041.0,1839.0
189468.0,2027.0,1827.0
189471.0,2012.0,1815.0
189474.0,1999.0,1804.0
189477.0,1985.0,1792.0
189480.0,1970.0,1780.0
189483.0,1952.0,1765.0
189486.0,1931.0,1747.0
189488.0,1909.0,1729.0
189491.0,1884.0,1708.0
189494.0,1858.0,1686.0
189497.0,1832.0,1665.0
189500.0,1808.0,1645.0
189503.0,1787.0,1627.0
189506.0,1771.0,1614.0
189509.0,1758.0,1603.0
189512.0,1748.0,1595.0
189515.0,1742.0,1590.0
189518.0,1737.0,1586.0
189521.0,1734.0,1583.0
189524.0,1734.0,1583.0
189527.0,1737.0,1586.0
189530.0,1742.0,1590.0
189533.0,1748.0,1595.0
189536.0,1759.0,1604.0
189539.0,1769.0,1613.0
189541.0,1778.0,1620.0
189544.0,1787.0,1627.0
189547.0,1792.0,1632.0
189550.0,1794.0,1633.0
189553.0,1792.0,1632.0
189556.0,1786.0,1627.0
189559.0,1777.0,1619.0
189562.0,1769.0,1613.0
189565.0,1759.0,1604.0
189568.0,1753.0,1599.0
189571.0,1750.0,1597.0
189574.0,1751.0,1598.0
189577.0,1753.0,1599.0
189580.0,1756.0,1602.0
189583.0,1757.0,1603.0
189586.0,1756.0,1602.0
189589.0,1753.0,1599.0
189591.0,1749.0,1596.0
189594.0,1747.0,1594.0
189597.0,1745.0,1593.0
189600.0,1744.0,1592.0
189603.0,1744.0,1592.0
189606.0,1744.0,1592.0
189609.0,1745.0,1593.0
189612.0,1747.0,1594.0
189615.0,1750.0,1597.0
189618.0,1753.0,1599.0
189621.0,1755.0,1601.0
189624.0,1758.0,1603.0
189627.0,1764.0,1608.0
189630.0,1771.0,1614.0
189633.0,1777.0,1619.0
189636.0,1788.0,1628.0
189639.0,1796.0,1635.0
189642.0,1805.0,1642.0
189645.0,1809.0,1646.0
189647.0,1814.0,1650.0
189650.0,1818.0,1653.0
189653.0,1821.0,1656.0
189656.0,1825.0,1659.0
189659.0,1831.0,1664.0
189662.0,1836.0,1668.0
189665.0,1838.0,1670.0
189668.0,1836.0,1668.0
189671.0,1829.0,1662.0
189674.0,1816.0,1652.0
189677.0,1800.0,1638.0
189680.0,1781.0,1622.0
189683.0,1760.0,1605.0
189686.0,1737.0,1586.0
189689.0,1713.0,1566.0
189692.0,1689.0,1546.0
189695.0,1669.0,1529.0
189698.0,1652.0,1515.0
189700.0,1642.0,1507.0
189703.0,1634.0,1500.0
189706.0,1630.0,1497.0
189709.0,1627.0,1494.0
189712.0,1628.0,1495.0
189715.0,1627.0,1494.0
189718.0,1627.0,1494.0
189721.0,1626.0,1494.0
189724.0,1627.0,1494.0
189727.0,1629.0,1496.0
189730.0,1634.0,1500.0
189733.0,1642.0,1507.0
189736.0,1650.0,1514.0
189739.0,1664.0,1525.0
189742.0,1679.0,1538.0
189745.0,1696.0,1552.0
189748.0,1713.0,1566.0
189751.0,1729.0,1579.0
189753.0,1743.0,1591.0
189756.0,1759.0,1604.0
189759.0,1776.0,1618.0
189762.0,1796.0,1635.0
189765.0,1818.0,1653.0
189768.0,1844.0,1675.0
189771.0,1868.0,1695.0
189774.0,1893.0,1716.0
189777.0,1916.0,1735.0
189780.0,1938.0,1753.0
189783.0,1959.0,1770.0
189786.0,1976.0,1785.0
189789.0,1989.0,1795.0
189792.0,1999.0,1804.0
189795.0,2005.0,1809.0
189798.0,2010.0,1813.0
189801.0,2011.0,1814.0
189804.0,2011.0,1814.0
189806.0,2008.0,1811.0
189809.0,2007.0,1810.0
189812.0,2006.0,1810.0
189815.0,2007.0,1810.0
189818.0,2009.0,1812.0
189821.0,2014.0,1816.0
189824.0,2022.0,1823.0
189827.0,2032.0,1831.0
189830.0,2046.0,1843.0
189833.0,2064.0,1858.0
189836.0,2078.0,1869.0
189839.0,2090.0,1879.0
189842.0,2099.0,1887.0
189845.0,2106.0,1893.0
189848.0,2110.0,1896.0
189851.0,2111.0,1897.0
189854.0,2110.0,1896.0
189857.0,2107.0,1893.0
189859.0,2099.0,1887.0
189862.0,2091.0,1880.0
189865.0,2078.0,1869.0
189868.0,2064.0,1858.0
189871.0,2048.0,1844.0
189874.0,2034.0,1833.0
189877.0,2027.0,1827.0
189880.0,2021.0,1822.0
189883.0,2019.0,1820.0
189886.0,2022.0,1823.0
189889.0,2026.0,1826.0
189892.0,2030.0,1829.0
189895.0,2037.0,1835.0
189898.0,2044.0,1841.0
189901.0,2056.0,1851.0
189904.0,2064.0,1858.0
189907.0,2074.0,1866.0
189910.0,2085.0,1875.0
189912.0,2097.0,1885.0
189915.0,2112.0,1898.0
189918.0,2129.0,1912.0
189921.0,2148.0,1928.0
189924.0,2166.0,1943.0
189927.0,2184.0,1957.0
189930.0,2196.0,1967.0
189933.0,2207.0,1977.0
189936.0,2212.0,1981.0
189939.0,2213.0,1982.0
189942.0,2210.0,1979.0
189945.0,2203.0,1973.0
189948.0,2194.0,1966.0
189951.0,2189.0,1962.0
189954.0,2180.0,1954.0
189957.0,2173.0,1948.0
189960.0,2166.0,1943.0
189963.0,2162.0,1939.0
189965.0,2161.0,1938.0
189968.0,2163.0,1940.0
189971.0,2170.0,1946.0
189974.0,2177.0,1952.0
189977.0,2184.0,1957.0
189980.0,2191.0,1963.0
189983.0,2193.0,1965.0
189986.0,2193.0,1965.0
189989.0,2191.0,1963.0
189992.0,2185.0,1958.0
189995.0,2177.0,1952.0
189998.0,2168.0,1944.0
190001.0,2158.0,1936.0
190004.0,2147.0,1927.0
190012.0,2149.0,1928.0
190015.0,2161.0,1938.0
190018.0,2168.0,1944.0
190021.0,2174.0,1949.0
190024.0,2178.0,1953.0
190027.0,2179.0,1953.0
190030.0,2176.0,1951.0
190033.0,2171.0,1947.0
190036.0,2161.0,1938.0
190039.0,2151.0,1930.0
190042.0,2138.0,1919.0
190045.0,2127.0,1910.0
190048.0,2116.0,1901.0
190050.0,2110.0,1896.0
190053.0,2106.0,1893.0
190056.0,2106.0,1893.0
190059.0,2109.0,1895.0
190062.0,2113.0,1898.0
190065.0,2120.0,1904.0
190068.0,2128.0,1911.0
190071.0,2135.0,1917.0
190074.0,2140.0,1921.0
190077.0,2141.0,1922.0
190080.0,2134.0,1916.0
190083.0,2121.0,1905.0
190086.0,2101.0,1888.0
190089.0,2072.0,1864.0
190092.0,2034.0,1833.0
190095.0,1995.0,1800.0
190098.0,1956.0,1768.0
190101.0,1914.0,1733.0
190103.0,1873.0,1699.0
190106.0,1835.0,1667.0
190109.0,1802.0,1640.0
190112.0,1775.0,1618.0
190115.0,1751.0,1598.0
190118.0,1738.0,1587.0
190121.0,1731.0,1581.0
190124.0,1730.0,1580.0
190127.0,1737.0,1586.0
190130.0,1746.0,1593.0
190133.0,1760.0,1605.0
190136.0,1773.0,1616.0
190139.0,1783.0,1624.0
190142.0,1794.0,1633.0
190145.0,1803.0,1641.0
190148.0,1809.0,1646.0
190151.0,1820.0,1655.0
190154.0,1832.0,1665.0
190156.0,1845.0,1676.0
190159.0,1862.0,1690.0
190162.0,1881.0,1706.0
190165.0,1903.0,1724.0
190168.0,1928.0,1745.0
190171.0,1956.0,1768.0
190174.0,1986.0,1793.0
190177.0,2017.0,1819.0
190180.0,2055.0,1850.0
190183.0,2094.0,1883.0
190186.0,2129.0,1912.0
190189.0,2165.0,1942.0
190192.0,2198.0,1969.0
190195.0,2229.0,1995.0
190198.0,2256.0,2017.0
190201.0,2283.0,2040.0
190204.0,2309.0,2061.0
190207.0,2338.0,2086.0
190209.0,2367.0,2110.0
190212.0,2393.0,2131.0
190215.0,2420.0,2154.0
190218.0,2441.0,2171.0
190221.0,2458.0,2185.0
190224.0,2473.0,2198.0
190227.0,2481.0,2204.0
190230.0,2488.0,2210.0
190233.0,2490.0,2212.0
190236.0,2490.0,2212.0
190239.0,2489.0,2211.0
190242.0,2487.0,2209.0
190245.0,2486.0,2209.0
190248.0,2488.0,2210.0
190251.0,2490.0,2212.0
190254.0,2490.0,2212.0
190257.0,2487.0,2209.0
190259.0,2482.0,2205.0
190262.0,2476.0,2200.0
190265.0,2463.0,2189.0
190268.0,2449.0,2178.0
190271.0,2433.0,2164.0
190274.0,2413.0,2148.0
190277.0,2389.0,2128.0
190280.0,2366.0,2109.0
190283.0,2341.0,2088.0
190286.0,2313.0,2065.0
190289.0,2284.0,2041.0
190292.0,2255.0,2017.0
190295.0,2227.0,1993.0
190298.0,2198.0,1969.0
190301.0,2173.0,1948.0
190304.0,2151.0,1930.0
190307.0,2131.0,1913.0
190310.0,2114.0,1899.0
190312.0,2098.0,1886.0
190315.0,2086.0,1876.0
190318.0,2074.0,1866.0
190321.0,2065.0,1859.0
190324.0,2059.0,1854.0
190327.0,2053.0,1849.0
190330.0,2053.0,1849.0
190333.0,2058.0,1853.0
190336.0,2066.0,1859.0
190339.0,2079.0,1870.0
190342.0,2097.0,1885.0
190345.0,2115.0,1900.0
190348.0,2133.0,1915.0
190351.0,2152.0,1931.0
190354.0,2165.0,1942.0
190357.0,2176.0,1951.0
190360.0,2185.0,1958.0
190363.0,2190.0,1962.0
190366.0,2192.0,1964.0
190368.0,2192.0,1964.0
190371.0,2191.0,1963.0
190374.0,2191.0,1963.0
190377.0,2190.0,1962.0
190380.0,2191.0,1963.0
190383.0,2191.0,1963.0
190386.0,2193.0,1965.0
190389.0,2198.0,1969.0
190392.0,2202.0,1972.0
190395.0,2205.0,1975.0
190398.0,2210.0,1979.0
190401.0,2213.0,1982.0
190404.0,2215.0,1983.0
190407.0,2217.0,1985.0
190410.0,2217.0,1985.0
190413.0,2215.0,1983.0
190416.0,2211.0,1980.0
190418.0,2205.0,1975.0
190421.0,2197.0,1968.0
190424.0,2189.0,1962.0
190427.0,2177.0,1952.0
190430.0,2164.0,1941.0
190433.0,2150.0,1929.0
190436.0,2136.0,1918.0
190439.0,2128.0,1911.0
190442.0,2124.0,1908.0
190445.0,2126.0,1909.0
190448.0,2131.0,1913.0
190451.0,2143.0,1923.0
190454.0,2156.0,1934.0
190457.0,2166.0,1943.0
190460.0,2176.0,1951.0
190463.0,2183.0,1957.0
190466.0,2184.0,1957.0
190469.0,2180.0,1954.0
190472.0,2172.0,1948.0
190474.0,2161.0,1938.0
190477.0,2148.0,1928.0
190480.0,2137.0,1918.0
190483.0,2130.0,1913.0
190486.0,2129.0,1912.0
190489.0,2131.0,1913.0
190492.0,2139.0,1920.0
190495.0,2151.0,1930.0
190498.0,2164.0,1941.0
190501.0,2180.0,1954.0
190504.0,2196.0,1967.0
190507.0,2209.0,1978.0
190510.0,2216.0,1984.0
190513.0,2218.0,1986.0
190516.0,2217.0,1985.0
190519.0,2211.0,1980.0
190522.0,2207.0,1977.0
190524.0,2202.0,1972.0
190527.0,2198.0,1969.0
190530.0,2195.0,1967.0
190533.0,2192.0,1964.0
190536.0,2188.0,1961.0
190539.0,2180.0,1954.0
190542.0,2171.0,1947.0
190545.0,2157.0,1935.0
190548.0,2138.0,1919.0
190551.0,2114.0,1899.0
190554.0,2083.0,1874.0
190557.0,2043.0,1840.0
190560.0,2001.0,1805.0
190563.0,1964.0,1775.0
190566.0,1928.0,1745.0
190569.0,1901.0,1722.0
190572.0,1877.0,1702.0
190575.0,1860.0,1688.0
190577.0,1847.0,1677.0
190580.0,1838.0,1670.0
190583.0,1830.0,1663.0
190586.0,1822.0,1657.0
190589.0,1814.0,1650.0
190592.0,1806.0,1643.0
190595.0,1794.0,1633.0
190598.0,1779.0,1621.0
190601.0,1762.0,1607.0
190604.0,1744.0,1592.0
190607.0,1729.0,1579.0
190610.0,1719.0,1571.0
190613.0,1712.0,1565.0
190616.0,1707.0,1561.0
190619.0,1701.0,1556.0
190622.0,1695.0,1551.0
190625.0,1687.0,1544.0
190628.0,1679.0,1538.0
190630.0,1670.0,1530.0
190633.0,1662.0,1524.0
190636.0,1653.0,1516.0
190639.0,1646.0,1510.0
190642.0,1639.0,1504.0
190645.0,1632.0,1499.0
190648.0,1626.0,1494.0
190651.0,1618.0,1487.0
190654.0,1615.0,1484.0
190657.0,1611.0,1481.0
190660.0,1605.0,1476.0
190663.0,1600.0,1472.0
190666.0,1596.0,1469.0
190669.0,1588.0,1462.0
190672.0,1580.0,1455.0
190675.0,1570.0,1447.0
190678.0,1559.0,1438.0
190681.0,1538.0,1420.0
190683.0,1534.0,1417.0
190686.0,1530.0,1414.0
190689.0,1526.0,1411.0
190692.0,1523.0,1408.0
190695.0,1523.0,1408.0
190698.0,1528.0,1412.0
190701.0,1532.0,1416.0
190704.0,1534.0,1417.0
190707.0,1534.0,1417.0
190710.0,1534.0,1417.0
190713.0,1532.0,1416.0
190716.0,1524.0,1409.0
190719.0,1516.0,1402.0
190722.0,1504.0,1392.0
190725.0,1491.0,1381.0
190728.0,1480.0,1372.0
190731.0,1467.0,1361.0
190734.0,1451.0,1348.0
190736.0,1430.0,1331.0
190739.0,1409.0,1313.0
190742.0,1388.0,1296.0
190745.0,1367.0,1278.0
190748.0,1354.0,1268.0
190751.0,1342.0,1258.0
190754.0,1334.0,1251.0
190757.0,1331.0,1248.0
190760.0,1335.0,1252.0
190763.0,1343.0,1258.0
190766.0,1353.0,1267.0
190769.0,1362.0,1274.0
190772.0,1373.0,1283.0
190775.0,1386.0,1294.0
190778.0,1398.0,1304.0
190781.0,1412.0,1316.0
190784.0,1428.0,1329.0
190786.0,1445.0,1343.0
190789.0,1460.0,1356.0
190792.0,1475.0,1368.0
190795.0,1488.0,1379.0
190798.0,1499.0,1388.0
190801.0,1509.0,1396.0
190804.0,1516.0,1402.0
190807.0,1522.0,1407.0
190810.0,1530.0,1414.0
190813.0,1534.0,1417.0
190816.0,1543.0,1425.0
190819.0,1550.0,1430.0
190822.0,1542.0,1424.0
190825.0,1535.0,1418.0
190828.0,1534.0,1417.0
190831.0,1531.0,1415.0
190834.0,1530.0,1414.0
190837.0,1534.0,1417.0
190839.0,1535.0,1418.0
190842.0,1535.0,1418.0
190845.0,1535.0,1418.0
190848.0,1540.0,1422.0
190851.0,1556.0,1435.0
190854.0,1568.0,1445.0
190857.0,1582.0,1457.0
190860.0,1595.0,1468.0
190863.0,1611.0,1481.0
190866.0,1631.0,1498.0
190869.0,1652.0,1515.0
190872.0,1673.0,1533.0
190875.0,1693.0,1549.0
190878.0,1716.0,1568.0
190881.0,1735.0,1584.0
190884.0,1754.0,1600.0
190887.0,1772.0,1615.0
190890.0,1787.0,1627.0
190892.0,1801.0,1639.0
190895.0,1812.0,1648.0
190898.0,1823.0,1657.0
190901.0,1833.0,1666.0
190904.0,1839.0,1671.0
190907.0,1841.0,1672.0
190910.0,1842.0,1673.0
190913.0,1842.0,1673.0
190916.0,1839.0,1671.0
190919.0,1836.0,1668.0
190922.0,1831.0,1664.0
190925.0,1825.0,1659.0
190928.0,1818.0,1653.0
190931.0,1811.0,1647.0
190934.0,1807.0,1644.0
190937.0,1801.0,1639.0
190940.0,1795.0,1634.0
190943.0,1792.0,1632.0
190945.0,1789.0,1629.0
190948.0,1786.0,1627.0
190951.0,1783.0,1624.0
190954.0,1782.0,1623.0
190957.0,1781.0,1622.0
190960.0,1778.0,1620.0
190963.0,1774.0,1617.0
190966.0,1769.0,1613.0
190969.0,1763.0,1608.0
190972.0,1754.0,1600.0
190975.0,1745.0,1593.0
190978.0,1737.0,1586.0
190981.0,1729.0,1579.0
190984.0,1720.0,1572.0
190987.0,1713.0,1566.0
190990.0,1708.0,1562.0
190993.0,1699.0,1554.0
190996.0,1694.0,1550.0
190998.0,1688.0,1545.0
191001.0,1684.0,1542.0
191004.0,1683.0,1541.0
191007.0,1686.0,1544.0
191010.0,1691.0,1548.0
191013.0,1696.0,1552.0
191016.0,1701.0,1556.0
191019.0,1706.0,1560.0
191022.0,1708.0,1562.0
191025.0,1708.0,1562.0
191028.0,1707.0,1561.0
191031.0,1704.0,1558.0
191034.0,1699.0,1554.0
191037.0,1695.0,1551.0
191040.0,1692.0,1549.0
191043.0,1689.0,1546.0
191046.0,1688.0,1545.0
191049.0,1686.0,1544.0
191051.0,1683.0,1541.0
191054.0,1681.0,1539.0
191057.0,1679.0,1538.0
191060.0,1677.0,1536.0
191063.0,1672.0,1532.0
191066.0,1667.0,1528.0
191069.0,1662.0,1524.0
191072.0,1654.0,1517.0
191075.0,1647.0,1511.0
191078.0,1637.0,1503.0
191081.0,1628.0,1495.0
191084.0,1618.0,1487.0
191087.0,1607.0,1478.0
191090.0,1594.0,1467.0
191093.0,1577.0,1453.0
191096.0,1551.0,1431.0
191099.0,1527.0,1411.0
191102.0,1503.0,1391.0
191104.0,1479.0,1371.0
191107.0,1457.0,1353.0
191110.0,1434.0,1334.0
191113.0,1412.0,1316.0
191116.0,1392.0,1299.0
191119.0,1371.0,1282.0
191122.0,1354.0,1268.0
191125.0,1339.0,1255.0
191128.0,1328.0,1246.0
191131.0,1319.0,1238.0
191134.0,1312.0,1233.0
191137.0,1307.0,1228.0
191140.0,1305.0,1227.0
191143.0,1304.0,1226.0
191146.0,1307.0,1228.0
191149.0,1315.0,1235.0
191152.0,1324.0,1243.0
191155.0,1334.0,1251.0
191157.0,1349.0,1263.0
191160.0,1364.0,1276.0
191163.0,1384.0,1292.0
191166.0,1405.0,1310.0
191169.0,1429.0,1330.0
191172.0,1455.0,1351.0
191175.0,1480.0,1372.0
191178.0,1504.0,1392.0
191181.0,1525.0,1410.0
191184.0,1536.0,1419.0
191187.0,1557.0,1436.0
191190.0,1568.0,1445.0
191193.0,1572.0,1449.0
191196.0,1571.0,1448.0
191199.0,1568.0,1445.0
191202.0,1558.0,1437.0
191205.0,1537.0,1420.0
191208.0,1527.0,1411.0
191210.0,1513.0,1400.0
191213.0,1495.0,1385.0
191216.0,1480.0,1372.0
191219.0,1463.0,1358.0
191222.0,1448.0,1346.0
191225.0,1434.0,1334.0
191228.0,1422.0,1324.0
191231.0,1413.0,1317.0
191234.0,1409.0,1313.0
191237.0,1410.0,1314.0
191240.0,1416.0,1319.0
191243.0,1428.0,1329.0
191246.0,1445.0,1343.0
191249.0,1464.0,1359.0
191252.0,1483.0,1375.0
191255.0,1502.0,1391.0
191258.0,1518.0,1404.0
191261.0,1531.0,1415.0
191263.0,1535.0,1418.0
191266.0,1552.0,1432.0
191269.0,1562.0,1440.0
191272.0,1569.0,1446.0
191275.0,1578.0,1454.0
191278.0,1583.0,1458.0
191281.0,1588.0,1462.0
191284.0,1596.0,1469.0
191287.0,1605.0,1476.0
191290.0,1617.0,1486.0
191293.0,1632.0,1499.0
191296.0,1647.0,1511.0
191299.0,1662.0,1524.0
191302.0,1675.0,1534.0
191305.0,1686.0,1544.0
191308.0,1696.0,1552.0
191311.0,1705.0,1559.0
191314.0,1711.0,1564.0
191316.0,1718.0,1570.0
191319.0,1726.0,1577.0
191322.0,1732.0,1582.0
191325.0,1741.0,1589.0
191328.0,1747.0,1594.0
191331.0,1753.0,1599.0
191334.0,1758.0,1603.0
191337.0,1759.0,1604.0
191340.0,1758.0,1603.0
191343.0,1751.0,1598.0
191346.0,1741.0,1589.0
191349.0,1726.0,1577.0
191352.0,1708.0,1562.0
191355.0,1683.0,1541.0
191358.0,1656.0,1519.0
191361.0,1628.0,1495.0
191364.0,1598.0,1470.0
191367.0,1567.0,1445.0
191369.0,1531.0,1415.0
191372.0,1505.0,1393.0
191375.0,1479.0,1371.0
191378.0,1456.0,1352.0
191381.0,1437.0,1337.0
191384.0,1424.0,1326.0
191387.0,1415.0,1318.0
191390.0,1411.0,1315.0
191393.0,1410.0,1314.0
191396.0,1412.0,1316.0
191399.0,1416.0,1319.0
191402.0,1421.0,1323.0
191405.0,1425.0,1327.0
191408.0,1430.0,1331.0
191411.0,1436.0,1336.0
191414.0,1438.0,1337.0
191417.0,1438.0,1337.0
191419.0,1439.0,1338.0
191422.0,1442.0,1341.0
191425.0,1446.0,1344.0
191428.0,1454.0,1351.0
191431.0,1466.0,1361.0
191434.0,1484.0,1376.0
191437.0,1508.0,1396.0
191440.0,1536.0,1419.0
191443.0,1581.0,1456.0
191446.0,1622.0,1490.0
191449.0,1666.0,1527.0
191452.0,1714.0,1567.0
191455.0,1762.0,1607.0
191458.0,1809.0,1646.0
191461.0,1853.0,1682.0
191464.0,1892.0,1715.0
191467.0,1928.0,1745.0
191470.0,1959.0,1770.0
191472.0,1985.0,1792.0
191475.0,2008.0,1811.0
191478.0,2030.0,1829.0
191481.0,2052.0,1848.0
191484.0,2072.0,1864.0
191487.0,2094.0,1883.0
191490.0,2117.0,1902.0
191493.0,2141.0,1922.0
191496.0,2169.0,1945.0
191499.0,2197.0,1968.0
191502.0,2224.0,1991.0
191505.0,2248.0,2011.0
191508.0,2269.0,2028.0
191511.0,2286.0,2042.0
191514.0,2295.0,2050.0
191517.0,2300.0,2054.0
191520.0,2297.0,2051.0
191523.0,2289.0,2045.0
191525.0,2280.0,2037.0
191528.0,2268.0,2027.0
191531.0,2258.0,2019.0
191534.0,2251.0,2013.0
191537.0,2244.0,2007.0
191540.0,2241.0,2005.0
191543.0,2239.0,2003.0
191546.0,2240.0,2004.0
191549.0,2242.0,2006.0
191552.0,2244.0,2007.0
191555.0,2244.0,2007.0
191558.0,2241.0,2005.0
191561.0,2236.0,2001.0
191564.0,2226.0,1992.0
191567.0,2216.0,1984.0
191570.0,2203.0,1973.0
191573.0,2190.0,1962.0
191576.0,2179.0,1953.0
191578.0,2171.0,1947.0
191581.0,2168.0,1944.0
191584.0,2169.0,1945.0
191587.0,2173.0,1948.0
191590.0,2178.0,1953.0
191593.0,2186.0,1959.0
191596.0,2192.0,1964.0
191599.0,2195.0,1967.0
191602.0,2197.0,1968.0
191605.0,2196.0,1967.0
191608.0,2192.0,1964.0
191611.0,2184.0,1957.0
191614.0,2173.0,1948.0
191617.0,2163.0,1940.0
191620.0,2155.0,1933.0
191623.0,2146.0,1926.0
191626.0,2141.0,1922.0
191629.0,2140.0,1921.0
191631.0,2142.0,1923.0
191634.0,2147.0,1927.0
191637.0,2152.0,1931.0
191640.0,2157.0,1935.0
191643.0,2158.0,1936.0
191646.0,2156.0,1934.0
191649.0,2150.0,1929.0
191652.0,2140.0,1921.0
191655.0,2128.0,1911.0
191658.0,2116.0,1901.0
191661.0,2104.0,1891.0
191664.0,2095.0,1884.0
191667.0,2087.0,1877.0
191670.0,2085.0,1875.0
191673.0,2085.0,1875.0
191676.0,2092.0,1881.0
191679.0,2100.0,1888.0
191682.0,2113.0,1898.0
191684.0,2126.0,1909.0
191687.0,2139.0,1920.0
191690.0,2150.0,1929.0
191693.0,2158.0,1936.0
191696.0,2158.0,1936.0
191699.0,2154.0,1933.0
191702.0,2140.0,1921.0
191705.0,2124.0,1908.0
191708.0,2105.0,1892.0
191711.0,2086.0,1876.0
191714.0,2066.0,1859.0
191717.0,2045.0,1842.0
191720.0,2032.0,1831.0
191723.0,2028.0,1828.0
191726.0,2029.0,1829.0
191729.0,2035.0,1834.0
191732.0,2053.0,1849.0
191735.0,2074.0,1866.0
191737.0,2097.0,1885.0
191740.0,2120.0,1904.0
191743.0,2144.0,1924.0
191746.0,2166.0,1943.0
191749.0,2184.0,1957.0
191752.0,2196.0,1967.0
191755.0,2203.0,1973.0
191758.0,2200.0,1971.0
191761.0,2190.0,1962.0
191764.0,2174.0,1949.0
191767.0,2152.0,1931.0
191770.0,2124.0,1908.0
191773.0,2095.0,1884.0
191776.0,2061.0,1855.0
191779.0,2027.0,1827.0
191782.0,1998.0,1803.0
191785.0,1976.0,1785.0
191787.0,1962.0,1773.0
191790.0,1951.0,1764.0
191793.0,1948.0,1761.0
191796.0,1951.0,1764.0
191799.0,1962.0,1773.0
191802.0,1975.0,1784.0
191805.0,1994.0,1800.0
191808.0,2014.0,1816.0
191811.0,2036.0,1834.0
191814.0,2061.0,1855.0
191817.0,2079.0,1870.0
191820.0,2094.0,1883.0
191823.0,2104.0,1891.0
191826.0,2109.0,1895.0
191829.0,2110.0,1896.0
191832.0,2103.0,1890.0
191835.0,2094.0,1883.0
191838.0,2078.0,1869.0
191841.0,2058.0,1853.0
191843.0,2030.0,1829.0
191846.0,2002.0,1806.0
191849.0,1974.0,1783.0
191852.0,1944.0,1758.0
191855.0,1912.0,1731.0
191858.0,1880.0,1705.0
191861.0,1850.0,1680.0
191864.0,1824.0,1658.0
191867.0,1801.0,1639.0
191870.0,1787.0,1627.0
191873.0,1777.0,1619.0
191876.0,1774.0,1617.0
191879.0,1774.0,1617.0
191882.0,1777.0,1619.0
191885.0,1786.0,1627.0
191888.0,1796.0,1635.0
191891.0,1809.0,1646.0
191894.0,1826.0,1660.0
191896.0,1845.0,1676.0
191899.0,1865.0,1692.0
191902.0,1888.0,1711.0
