start_s,end_s,class
21.703,24.121,inhale
24.121,27.527,exhale
27.527,30.055,inhale
30.055,32.747,exhale
32.747,35.385,inhale
35.385,38.736,exhale
38.736,41.758,inhale
41.758,45.220,exhale
45.220,48.077,inhale
48.077,50.714,exhale
50.714,57.637,hold
57.637,58.681,inhale
58.681,60.385,exhale
60.385,63.187,inhale
63.187,65.769,exhale
65.769,67.967,inhale
67.967,69.560,exhale
69.560,71.813,inhale
71.813,73.462,exhale
73.462,75.220,inhale
75.220,77.088,exhale
77.088,79.011,inhale
79.011,81.099,exhale
81.099,93.187,hold
93.187,95.220,inhale
95.220,99.451,exhale
99.451,102.802,hold
102.802,103.791,inhale
103.791,104.890,exhale
104.890,108.022,inhale
108.022,110.714,exhale
110.714,124.615,hold
124.615,126.264,inhale
126.264,127.747,exhale
127.747,129.011,inhale
129.011,130.604,exhale
130.604,131.868,inhale
131.868,132.912,exhale
132.912,134.615,inhale
134.615,135.714,exhale
135.714,137.308,inhale
137.308,138.626,exhale
138.626,139.945,inhale
139.945,141.374,exhale
141.374,142.747,inhale
142.747,143.956,exhale
143.956,148.571,inhale
148.571,151.923,exhale
151.923,154.670,inhale
154.670,157.088,exhale
